title,magnitude,year,alert,tsunami,sig,net,nst,dmin,gap,magType,depth,latitude,longitude,location,continent,country
"M 6.5 - 42 km W of Sola, Vanuatu",6.5,2023,green,0,657,us,114,7.177,25,mww,192.955,-13.8814,167.158,"Sola, Vanuatu",,Vanuatu
"M 6.6 - 25 km ESE of Loncopué, Argentina",6.6,2023,green,0,899,us,70,1.634,28,mww,171.371,-38.1911,-70.3731,"Loncopué, Argentina",South America,Argentina
M 6.6 - Panama-Colombia border region,6.6,2023,green,1,733,us,50,2.163,129,mww,10,8.8894,-77.1231,Panama-Colombia border region,,Colombia
"M 7.1 - 170 km SSE of Teluk Dalam, Indonesia",7.1,2023,green,0,838,us,70,2.282,58,mww,15.462,-0.781,98.5339,"Teluk Dalam, Indonesia",,Indonesia
"M 7.0 - 96 km N of Tuban, Indonesia",7,2023,green,0,818,us,131,1.881,31,mww,594.028,-6.0255,112.033,"Tuban, Indonesia",,Indonesia
"M 6.5 - near the east coast of the Kamchatka Peninsula, Russia",6.5,2023,yellow,1,655,us,104,0.266,30,mww,105.631,52.7772,158.484,"the Kamchatka Peninsula, Russia",Asia,Russian Federation (the)
"M 7.0 - New Guinea, Papua New Guinea",7,2023,green,1,781,us,105,6.45,31,mww,62.603,-4.2924,143.155,"New Guinea, Papua New Guinea",Asia,Papua New Guinea
"M 6.5 - 84 km NNW of San Antonio de los Cobres, Argentina",6.5,2023,green,0,656,us,97,1.622,33,mww,209.976,-23.4797,-66.5108,"San Antonio de los Cobres, Argentina",South America,Argentina
"M 6.5 - 40 km SSE of Jurm, Afghanistan",6.5,2023,green,0,1350,us,134,2.53,13,mww,187.589,36.5227,70.9787,"Jurm, Afghanistan",Asia,Afghanistan
M 6.8 - near the coast of Ecuador,6.8,2023,orange,1,1159,us,152,0.709,28,mww,65.842,-2.851,-79.8001,Ecuador,South America,Ecuador
"M 6.5 - 108 km NW of Kimbe, Papua New Guinea",6.5,2023,green,1,652,us,115,2.739,20,mww,598.925,-4.8138,149.487,"Kimbe, Papua New Guinea",,Papua New Guinea
"M 6.8 - 67 km W of Murghob, Tajikistan",6.8,2023,green,0,737,us,128,1.783,20,mww,20.522,38.0726,73.2077,"Murghob, Tajikistan",Asia,Tajikistan
"M 7.5 - 4 km SSE of Ekinözü, Turkey",7.5,2023,orange,0,1411,us,135,0.85,17,mww,10,38.0235,37.203,"Ekinözü, Turkey",Asia,Turkiye
"M 6.7 - 18 km ESE of Nurdağı, Turkey",6.7,2023,yellow,0,800,us,108,0.218,44,mww,14.497,37.4135,36.8306,"Nurdağı, Turkey",Asia,Turkiye
M 7.8 - Central Turkey,7.8,2023,red,0,2910,us,118,1.919,32,mww,17.925,37.2012,36.9997,Central Turkey,Asia,Turkiye
M 6.8 - ,6.8,2023,green,0,718,us,60,5.129,61,mww,610.671,-26.7209,-63.0394,,South America,Argentina
"M 7.0 - 153 km NW of Tobelo, Indonesia",7,2023,green,1,756,us,130,1.974,17,mwc,28.566,2.7401,127.051,"Tobelo, Indonesia",,Indonesia
"M 7.6 - Pulau Pulau Tanimbar, Indonesia",7.6,2023,green,0,957,us,114,1.575,21,mww,105.249,-7.0852,130.039,"Pulau Pulau Tanimbar, Indonesia",,Indonesia
M 7.0 - Vanuatu,7,2023,green,1,768,us,116,6.096,36,mww,29,-14.9383,166.878,Vanuatu,,Vanuatu
"M 7.0 - 18 km SW of Malango, Solomon Islands",7,2022,green,1,768,us,117,0.509,17,mww,14,-9.7963,159.596,"Malango, Solomon Islands",Oceania,Solomon Islands
M 7.0 - ,7,2022,green,1,755,us,147,3.125,18,mww,579,-20.0508,-178.346,,Oceania,Fiji
"M 6.7 - 60 km SSW of Boca Chica, Panama",6.7,2022,green,1,797,us,145,1.151,37,mww,20,7.6712,-82.3396,"Boca Chica, Panama",,Panama
"M 6.8 - 55 km SSW of Aguililla, Mexico",6.8,2022,yellow,1,1179,us,175,2.137,92,mww,20,18.33,-102.913,"Aguililla, Mexico",North America,Mexico
"M 7.6 - 35 km SSW of Aguililla, Mexico",7.6,2022,yellow,1,1799,us,271,1.153,69,mww,26.943,18.3667,-103.252,"Aguililla, Mexico",North America,Mexico
"M 6.9 - 90 km E of Yujing, Taiwan",6.9,2022,yellow,1,887,us,215,0.401,34,mww,10,23.1444,121.307,"Yujing, Taiwan",Asia,Taiwan
"M 6.5 - 96 km SE of Lugu, Taiwan",6.5,2022,green,1,756,us,178,0.43,54,mww,10,23.029,121.348,"Lugu, Taiwan",Asia,Taiwan
"M 7.6 - 70 km E of Kainantu, Papua New Guinea",7.6,2022,yellow,1,965,us,272,3.158,12,mww,116,-6.2237,146.471,"Kainantu, Papua New Guinea",Oceania,Papua New Guinea
"M 6.6 - 44 km SE of Kangding, China",6.6,2022,orange,0,1043,us,141,8.454,34,mww,12,29.7263,102.279,"Kangding, China",Asia,People's Republic of China
"M 7.0 - 11 km NE of Bantay, Philippines",7,2022,yellow,1,1351,us,152,5.276,22,mww,33.729,17.5978,120.809,"Bantay, Philippines",Asia,Philippines
"M 6.5 - 107 km SSW of Tarauacá, Brazil",6.5,2022,green,0,653,us,236,1.999,31,mww,622.73,-9.0618,-71.1647,"Tarauacá, Brazil",South America,Brazil
"M 7.2 - 10 km W of Azángaro, Peru",7.2,2022,green,1,876,us,144,2.494,40,mww,236,-14.8628,-70.3081,"Azángaro, Peru",South America,Peru
"M 6.8 - 86 km NNW of San Antonio de los Cobres, Argentina",6.8,2022,green,1,762,us,162,1.505,30,mww,220,-23.6141,-66.7236,"San Antonio de los Cobres, Argentina",South America,Argentina
"M 6.7 - 65 km S of Hualien City, Taiwan",6.7,2022,green,1,806,us,0,0.289,32,mww,24,23.3421,121.636,"Hualien City, Taiwan",Asia,Taiwan
"M 6.7 - 166 km W of Pariaman, Indonesia",6.7,2022,green,0,708,us,0,2.188,43,mww,28,-0.6831,98.6034,"Pariaman, Indonesia",Asia,Indonesia
"M 6.5 - 49 km NW of Barranca, Peru",6.5,2022,green,0,690,us,0,3.026,22,mww,110,-4.455,-76.9395,"Barranca, Peru",South America,Peru
"M 6.6 - 80 km SW of Labuan, Indonesia",6.6,2022,green,0,785,us,0,2.418,22,mww,33,-6.9291,105.251,"Labuan, Indonesia",,Indonesia
"M 6.6 - northern Qinghai, China",6.6,2022,orange,0,1012,us,0,2.685,13,mww,13,37.8167,101.299,"northern Qinghai, China",Asia,People's Republic of China
"M 7.3 - 125 km NNE of Lospalos, Timor Leste",7.3,2021,green,0,921,us,0,3.713,19,mww,165.49,-7.5924,127.581,"Lospalos, Timor Leste",,Indonesia
M 7.3 - Flores Sea,7.3,2021,green,1,854,us,0,1.025,32,mww,14.27,-7.6033,122.2,Flores Sea,Asia,Indonesia
"M 7.5 - 43 km NNW of Barranca, Peru",7.5,2021,yellow,1,1094,us,0,4.951,40,mww,126,-4.4898,-76.8461,"Barranca, Peru",South America,Peru
"M 6.9 - 112 km E of Chignik, Alaska",6.9,2021,green,1,995,ak,0,0,0,mww,51.6,56.2581,-156.492,"Chignik, Alaska",North America,United States of America
"M 7.0 - Acapulco, Mexico",7,2021,red,1,2504,us,0,0.07,43,mww,20,16.9502,-99.7877,"Acapulco, Mexico",North America,Mexico
M 7.1 - South Sandwich Islands region,7.1,2021,green,1,776,us,0,9.799,32,mww,6,-60.3026,-24.9992,South Sandwich Islands region,,Antarctica
M 6.6 - South Sandwich Islands region,6.6,2021,green,1,670,us,0,8.865,19,mww,7,-60.1023,-24.4608,South Sandwich Islands region,,Antarctica
"M 6.9 - 17 km N of Port-Olry, Vanuatu",6.9,2021,green,1,741,us,0,0.579,54,mww,93,-14.892,167.085,"Port-Olry, Vanuatu",Oceania,Vanuatu
"M 7.2 - Nippes, Haiti",7.2,2021,red,1,2331,us,0,1.178,23,mww,10,18.3521,-73.4804,"Nippes, Haiti",North America,Haiti
"M 6.7 - 15 km S of Hukay, Philippines",6.7,2021,green,1,935,us,0,8.139,12,mww,110,13.6989,120.713,"Hukay, Philippines",Asia,Philippines
"M 7.3 - Southern Qinghai, China",7.3,2021,orange,0,1025,us,0,4.655,9,mww,10,34.5861,98.2551,"Southern Qinghai, China",Asia,People's Republic of China
M 6.9 - ,6.9,2021,green,1,919,us,0,2.619,35,mww,43,38.2296,141.665,,Asia,Japan
"M 7.0 - 30 km E of Ishinomaki, Japan",7,2021,yellow,1,1052,us,0,2.378,35,mww,43,38.4752,141.607,"Ishinomaki, Japan",Asia,Japan
M 6.9 - South Shetland Islands,6.9,2021,green,1,739,us,0,1.55,16,mww,15,-61.8484,-55.559,South Shetland Islands,,Antarctica
"M 6.7 - 29 km SSW of Turt, Mongolia",6.7,2021,green,0,776,us,0,2.043,22,mww,10,51.2407,100.443,"Turt, Mongolia",Asia,Mongolia
"M 7.0 - 13 km NNE of Néon Karlovásion, Greece",7,2020,orange,0,1527,us,0,1.518,18,mww,21,37.8973,26.7953,"Néon Karlovásion, Greece",Europe,Greece
"M 7.6 - 99 km SE of Sand Point, Alaska",7.6,2020,yellow,1,1165,us,0,0.23,36,mww,28.37,54.662,-159.675,"Sand Point, Alaska",North America,United States of America
"M 6.8 - 86 km NW of Vallenar, Chile",6.8,2020,green,1,824,us,0,0.312,69,mww,21,-28.013,-71.1958,"Vallenar, Chile",,Chile
"M 6.9 - 222 km SSE of Katabu, Indonesia",6.9,2020,green,0,749,us,0,2.267,20,mww,624,-6.6704,123.493,"Katabu, Indonesia",,Indonesia
"M 6.9 - 122 km WSW of Bengkulu, Indonesia",6.9,2020,green,0,735,us,0,1.716,25,mww,26,-4.2791,101.215,"Bengkulu, Indonesia",,Indonesia
"M 6.8 - 138 km WSW of Bengkulu, Indonesia",6.8,2020,green,0,716,us,0,1.816,34,mww,22,-4.3724,101.095,"Bengkulu, Indonesia",,Indonesia
"M 6.6 - 13 km E of San Pedro, Philippines",6.6,2020,yellow,1,784,us,0,5.128,14,mww,10,12.0065,124.13,"San Pedro, Philippines",,Philippines
"M 7.0 - 114 km NNW of Popondetta, Papua New Guinea",7,2020,green,1,820,us,0,1.671,18,mww,73,-7.847,147.755,"Popondetta, Papua New Guinea",,Papua New Guinea
"M 6.6 - 97 km N of Batang, Indonesia",6.6,2020,green,0,684,us,0,1.458,14,mww,533.76,-5.6368,110.678,"Batang, Indonesia",,Indonesia
"M 7.4 - 9 km SE of Santa María Xadani, Mexico",7.4,2020,orange,1,1494,us,0,0.151,30,mww,20,15.9163,-95.9533,"Santa María Xadani, Mexico",North America,Mexico
"M 6.8 - 48 km SW of San Pedro de Atacama, Chile",6.8,2020,green,1,835,us,0,1.164,21,mww,112,-23.2966,-68.4204,"San Pedro de Atacama, Chile",South America,Chile
"M 6.5 - Monte Cristo Range, NV Earthquake",6.5,2020,green,0,1320,nn,27,0.357,55.79,ml,2.7,38.1689,-117.85,"Monte Cristo Range, NV Earthquake",North America,United States of America
M 6.8 - Banda Sea,6.8,2020,green,0,738,us,0,1.921,16,mww,96,-6.7762,129.785,Banda Sea,,Indonesia
"M 6.5 - Stanley, Idaho",6.5,2020,green,0,1410,us,0,0.885,31,mww,12.06,44.4646,-115.118,"Stanley, Idaho",North America,United States of America
"M 7.0 - 95 km ENE of Kuril’sk, Russia",7,2020,yellow,1,770,us,0,4.501,25,mww,143,45.6161,148.959,"Kuril’sk, Russia",Asia,Russia
"M 6.7 - 13 km N of Do?anyol, Turkey",6.7,2020,orange,0,1247,us,0,0.87,49,mww,10,38.4312,39.0609,"Do?anyol, Turkey",Asia,Turkey
"M 6.8 - 7 km S of Magsaysay, Philippines",6.8,2019,yellow,1,825,us,0,0.546,39,mww,18,6.6969,125.174,"Magsaysay, Philippines",,Philippines
"M 7.1 - 138km E of Bitung, Indonesia",7.1,2019,green,1,799,us,0,1.271,11,mww,33,1.6213,126.416,"Bitung, Indonesia",,Indonesia
"M 6.5 - 2km ESE of Kisante, Philippines",6.5,2019,green,1,733,us,0,0.428,19,mww,10,6.9098,125.178,"Kisante, Philippines",,Philippines
"M 6.6 - 10 km NE of Columbio, Philippines",6.6,2019,yellow,1,780,us,0,0.646,24,mww,15,6.7567,125.008,"Columbio, Philippines",,Philippines
"M 6.5 - 11km S of Kairatu, Indonesia",6.5,2019,yellow,1,656,us,0,3.909,15,mww,12.26,-3.4528,128.37,"Kairatu, Indonesia",,Indonesia
"M 6.6 - 34km NNE of Ndoi Island, Fiji",6.6,2019,,1,671,us,0,4.121,19,mww,591,-20.3641,-178.57,"Ndoi Island, Fiji",,Fiji
"M 6.6 - 131km S of Bristol Island, South Sandwich Islands",6.6,2019,green,1,670,us,0,12.896,19,mww,16,-60.2152,-26.5801,"Bristol Island, South Sandwich Islands",,United Kingdom of Great Britain and Northern Ireland (the)
"M 6.6 - 62km E of Lakatoro, Vanuatu",6.6,2019,green,1,670,us,0,6.024,30,mww,181,-16.1985,167.998,"Lakatoro, Vanuatu",,Vanuatu
"M 7.2 - 93km NNE of Laiwui, Indonesia",7.2,2019,green,1,809,us,0,1.504,38,mww,18.98,-0.5858,128.034,"Laiwui, Indonesia",,Indonesia
"M 6.9 - 134km WSW of Kota Ternate, Indonesia",6.9,2019,green,0,747,us,0,1.205,21,mww,35,0.5126,126.189,"Kota Ternate, Indonesia",,Indonesia
"M 7.1 - 18km W of Searles Valley, CA",7.1,2019,yellow,0,1646,ci,77,0.04616,43,mw,8,35.7695,-117.599,"Searles Valley, CA",North America,United States of America
"M 7.3 - 292km NW of Saumlaki, Indonesia",7.3,2019,green,1,952,us,0,2.629,16,mww,212,-6.4078,129.169,"Saumlaki, Indonesia",,Indonesia
"M 8.0 - 78 km NE of Navarro, Peru",8,2019,orange,1,1890,us,0,3.18,17,mww,122.57,-5.8119,-75.2697,"Navarro, Peru",South America,Peru
"M 7.6 - 46km SSE of Namatanai, Papua New Guinea",7.6,2019,green,1,929,us,0,0.453,16,mww,10,-4.051,152.597,"Namatanai, Papua New Guinea",,Papua New Guinea
"M 7.1 - 33km NW of Bulolo, Papua New Guinea",7.1,2019,yellow,1,826,us,0,2.514,16,mww,146,-6.9746,146.449,"Bulolo, Papua New Guinea",,Papua New Guinea
"M 6.8 - 98km SSW of Luwuk, Indonesia",6.8,2019,green,1,717,us,0,0.791,28,mww,15.46,-1.8146,122.58,"Luwuk, Indonesia",,Indonesia
"M 7.0 - 22 km NNE of Azángaro, Peru",7,2019,green,1,869,us,0,2.501,42,mww,267,-14.7131,-70.1546,"Azángaro, Peru",South America,Peru
"M 7.5 - 111km ESE of Palora, Ecuador",7.5,2019,yellow,1,1145,us,0,2.045,15,mww,145,-2.1862,-77.0505,"Palora, Ecuador",South America,Ecuador
"M 6.7 - 5 km SW of Puerto Madero, Mexico",6.7,2019,yellow,1,909,us,0,0.289,43,mww,66,14.6802,-92.4527,"Puerto Madero, Mexico",,Mexico
"M 6.7 - 10 km SSW of Coquimbo, Chile",6.7,2019,orange,1,1600,us,0,0.173,22,mww,63,-30.0404,-71.3815,"Coquimbo, Chile",South America,Chile
"M 6.6 - 94 km NW of Sola, Vanuatu",6.6,2019,green,1,671,us,0,7.818,18,mww,35,-13.336,166.875,"Sola, Vanuatu",,Vanuatu
M 6.6 - Molucca Sea,6.6,2019,green,1,672,us,0,1.596,33,mww,43.21,2.258,126.758,Molucca Sea,,Indonesia
"M 6.8 - 90km W of Tarauaca, Brazil",6.8,2019,green,0,715,us,0,1.181,16,mww,570.41,-8.144,-71.587,"Tarauaca, Brazil",South America,Brazil
M 7.1 - South Sandwich Islands region,7.1,2018,green,1,776,us,0,7.043,20,mww,133,-58.5446,-26.3856,South Sandwich Islands region,,South Georgia and the South Sandwich Islands
"M 7.1 - 1 km SE of Point MacKenzie, Alaska",7.1,2018,orange,1,1790,ak,0,0,0,mw,46.7,61.3464,-149.955,"Point MacKenzie, Alaska",North America,United States of America
"M 6.8 - 187 km E of Levuka, Fiji",6.8,2018,green,1,711,us,0,2.879,39,mww,540,-17.8735,-178.927,"Levuka, Fiji",,Fiji
"M 7.0 - 119 km E of Kimbe, Papua New Guinea",7,2018,green,1,758,us,0,1.778,18,mww,39,-5.7012,151.205,"Kimbe, Papua New Guinea",,Papua New Guinea
"M 6.7 - 279 km E of Levuka, Fiji",6.7,2018,green,1,691,us,0,3.745,23,mww,550,-18.3604,-178.063,"Levuka, Fiji",,Fiji
"M 7.5 - 72 km N of Palu, Indonesia",7.5,2018,red,0,2026,us,0,1.649,13,mww,20,-0.2559,119.846,"Palu, Indonesia",,Indonesia
"M 6.5 - 66 km NW of Kirakira, Solomon Islands",6.5,2018,green,1,651,us,0,1.638,25,mww,68,-10.0207,161.503,"Kirakira, Solomon Islands",,Solomon Islands
"M 7.9 - 45 km S of Levuka, Fiji",7.9,2018,green,1,979,us,0,1.431,12,mww,670.81,-18.4743,179.35,"Levuka, Fiji",,Fiji
"M 6.6 - 27 km ESE of Chitose, Japan",6.6,2018,orange,1,1075,us,0,1.13,32,mww,35,42.6861,141.929,"Chitose, Japan",Asia,Japan
"M 7.1 - 136 km W of Iñapari, Peru",7.1,2018,green,0,776,us,0,3.77,12,mww,630,-11.0355,-70.8284,"Iñapari, Peru",South America,Peru
"M 6.5 - 78 km E of Lakatoro, Vanuatu",6.5,2018,green,1,652,us,0,4.797,10,mww,9,-16.0315,168.143,"Lakatoro, Vanuatu",,Vanuatu
"M 7.3 - 40 km ENE of Carúpano, Venezuela",7.3,2018,yellow,1,1570,us,0,1.822,15,mww,146.82,10.7731,-62.9019,"Carúpano, Venezuela",,Venezuela
"M 6.9 - 20 km NNW of Labuan Lombok, Indonesia",6.9,2018,green,0,1206,us,0,2.453,31,mww,21,-8.319,116.627,"Labuan Lombok, Indonesia",,Indonesia
"M 8.2 - 267 km E of Levuka, Fiji",8.2,2018,green,1,1050,us,0,3.63,13,mww,600,-18.1125,-178.153,"Levuka, Fiji",,Fiji
"M 6.5 - 124 km N of Labuan Bajo, Indonesia",6.5,2018,green,0,743,us,0,2.719,23,mww,529,-7.3718,119.802,"Labuan Bajo, Indonesia",,Indonesia
"M 6.5 - 108 km WSW of Adak, Alaska",6.5,2018,green,1,655,us,0,0.576,22,mww,33.93,51.4234,-178.026,"Adak, Alaska",North America,United States of America
"M 6.9 - 36 km NW of Labuan Lombok, Indonesia",6.9,2018,orange,0,1704,us,0,2.271,15,mww,34,-8.2581,116.438,"Labuan Lombok, Indonesia",,Indonesia
"M 6.9 - 18 km SSW of Leilani Estates, Hawaii",6.9,2018,yellow,1,1392,hv,63,0.11,210,mw,5.81,19.3182,-155,"Leilani Estates, Hawaii",,United States of America
"M 6.8 - 38 km SE of Boyuibe, Bolivia",6.8,2018,green,0,733,us,0,5.32,16,mww,559,-20.6588,-63.0058,"Boyuibe, Bolivia",South America,Bolivia
"M 6.9 - 150 km E of Kimbe, Papua New Guinea",6.9,2018,green,1,741,us,0,1.487,18,mww,35,-5.5321,151.5,"Kimbe, Papua New Guinea",,Papua New Guinea
"M 6.7 - 140 km E of Kimbe, Papua New Guinea",6.7,2018,green,1,696,us,0,1.507,15,mww,40,-5.5024,151.402,"Kimbe, Papua New Guinea",,Papua New Guinea
"M 6.8 - 103 km E of Kokopo, Papua New Guinea",6.8,2018,green,1,719,us,0,1.049,16,mww,22.86,-4.3762,153.2,"Kokopo, Papua New Guinea",,Papua New Guinea
"M 6.7 - 62 km SW of Tari, Papua New Guinea",6.7,2018,green,1,697,us,0,5.457,19,mww,20.49,-6.3043,142.612,"Tari, Papua New Guinea",,Papua New Guinea
"M 7.5 - 32 km SW of Tari, Papua New Guinea",7.5,2018,yellow,1,943,us,0,5.48,17,mww,25.21,-6.0699,142.754,"Tari, Papua New Guinea",,Papua New Guinea
"M 7.2 - 4 km S of Pinotepa de Don Luis, Mexico",7.2,2018,yellow,1,1384,us,0,0.142,82,mww,22,16.3855,-97.9787,"Pinotepa de Don Luis, Mexico",North America,Mexico
"M 7.1 - 37 km W of Atiquipa, Peru",7.1,2018,green,1,1075,us,0,4.29,23,mww,39,-15.7675,-74.7092,"Atiquipa, Peru",,Peru
"M 6.5 - 12 km SSW of Kawalu, Indonesia",6.5,2017,green,0,998,us,0,2.365,28,mww,90,-7.4921,108.174,"Kawalu, Indonesia",,Indonesia
"M 6.5 - 18 km W of Parrita, Costa Rica",6.5,2017,yellow,1,1153,us,0,0.225,37,mww,19.36,9.5147,-84.4865,"Parrita, Costa Rica",,Costa Rica
"M 7.3 - 29 km S of ?alabja, Iraq",7.3,2017,red,0,2790,us,0,0.284,33,mww,19,34.9109,45.9592,"?alabja, Iraq",Asia,Iran
"M 6.5 - 67 km WSW of Angoram, Papua New Guinea",6.5,2017,green,1,661,us,0,4.449,10,mww,110.57,-4.2433,143.485,"Angoram, Papua New Guinea",,Papua New Guinea
"M 6.7 - 181 km NNE of Maumere, Indonesia",6.7,2017,green,0,694,us,0,1.634,16,mww,553.81,-7.2168,123.074,"Maumere, Indonesia",,Indonesia
"M 7.1 - 1 km S of Matzaco, Mexico",7.1,2017,,0,1686,us,0,0.984,23,mww,48,18.5499,-98.4887,"Matzaco, Mexico",North America,Mexico
"M 6.5 - 168 km SW of Mawu, China",6.5,2017,yellow,0,707,us,0,11.411,22,mww,9,33.1926,103.855,"Mawu, China",Asia,People's Republic of China
"M 6.6 - 11 km ENE of Kos, Greece",6.6,2017,yellow,0,1064,us,0,0.913,16,mww,7,36.9293,27.4139,"Kos, Greece",Asia,Turkey
"M 6.5 - 2 km S of Lim-oo, Philippines",6.5,2017,yellow,1,740,us,0,4.139,30,mww,9,11.1269,124.629,"Lim-oo, Philippines",,Philippines
"M 6.9 - 2 km SSW of San Pablo, Guatemala",6.9,2017,yellow,1,1188,us,0,0.247,35,mww,93,14.9091,-92.0092,"San Pablo, Guatemala",,Guatemala
"M 6.6 - 37 km WNW of Poso, Indonesia",6.6,2017,green,0,678,us,0,2.353,18,mww,12,-1.2923,120.431,"Poso, Indonesia",,Indonesia
"M 6.8 - 59 km NNE of Port-Olry, Vanuatu",6.8,2017,green,1,713,us,0,7.495,19,mww,169,-14.5884,167.377,"Port-Olry, Vanuatu",,Vanuatu
"M 6.9 - 31 km SW of Burias, Philippines",6.9,2017,green,1,814,us,0,1.636,14,mww,26,5.5043,125.066,"Burias, Philippines",,Philippines
"M 6.5 - 132 km WSW of Moijabana, Botswana",6.5,2017,green,0,1297,us,0,2.36,15,mww,29,-22.6784,25.1558,"Moijabana, Botswana",Africa,Botswana
"M 6.6 - 81 km NNE of Ust’-Kamchatsk Staryy, Russia",6.6,2017,yellow,1,671,us,0,4.591,14,mww,17,56.9401,162.786,"Ust’-Kamchatsk Staryy, Russia",Asia,Russia
"M 6.5 - 41 km E of Padilla, Bolivia",6.5,2017,green,0,653,us,0,4.242,14,mww,595.98,-19.2814,-63.9047,"Padilla, Bolivia",South America,Bolivia
"M 6.5 - 11 km N of Mabua, Philippines",6.5,2017,yellow,1,718,us,0,2.822,36,mww,15,9.9071,125.452,"Mabua, Philippines",,Philippines
"M 7.9 - 35 km WNW of Panguna, Papua New Guinea",7.9,2017,yellow,1,987,us,0,3.625,9,mww,135,-6.2464,155.172,"Panguna, Papua New Guinea",,Papua New Guinea
"M 6.5 - 65 km W of Kirakira, Solomon Islands",6.5,2017,green,1,654,us,0,1.64,21,mww,36,-10.3506,161.335,"Kirakira, Solomon Islands",,Solomon Islands
"M 7.6 - 41 km SW of Quellón, Chile",7.6,2016,yellow,1,1152,us,0,0.355,29,mww,38,-43.4064,-73.9413,"Quellón, Chile",South America,Chile
"M 6.7 - 151 km NE of Lospalos, Timor Leste",6.7,2016,green,0,726,us,0,3.38,17,mww,152,-7.5082,127.921,"Lospalos, Timor Leste",,Indonesia
"M 7.9 - 140 km E of Kokopo, Papua New Guinea",7.9,2016,yellow,1,972,us,0,1.389,13,mww,94.54,-4.5049,153.522,"Kokopo, Papua New Guinea",,Papua New Guinea
"M 7.8 - 69 km WSW of Kirakira, Solomon Islands",7.8,2016,green,1,961,us,0,1.836,13,mww,40,-10.6812,161.327,"Kirakira, Solomon Islands",,Solomon Islands
"M 6.5 - 14 km WNW of Reuleuet, Indonesia",6.5,2016,yellow,0,731,us,0,0.778,27,mww,13,5.2834,96.1678,"Reuleuet, Indonesia",,Indonesia
"M 6.6 - 122 km N of Murghob, Tajikistan",6.6,2016,green,0,693,us,0,1.697,20,mww,17,39.2732,73.9776,"Murghob, Tajikistan",Asia,People's Republic of China
"M 6.5 - 74 km NE of Amberley, New Zealand",6.5,2016,yellow,1,664,us,0,0.283,56,mww,9,-42.6058,173.254,"Amberley, New Zealand",,New Zealand
"M 6.5 - 92 km SSW of Blenheim, New Zealand",6.5,2016,yellow,1,656,us,0,0.135,58,mww,10,-42.3205,173.669,"Blenheim, New Zealand",,New Zealand
"M 7.8 - 53 km NNE of Amberley, New Zealand",7.8,2016,orange,1,1545,us,0,0.481,21,mww,15.11,-42.7373,173.054,"Amberley, New Zealand",,New Zealand
"M 6.6 - 5 km ESE of Preci, Italy",6.6,2016,red,0,2840,us,0,0.174,25,mww,8,42.8621,13.0961,"Preci, Italy",Europe,Italy
"M 6.6 - 161 km NNE of Pamanukan, Indonesia",6.6,2016,green,0,677,us,0,2.022,16,mww,614,-4.8626,108.163,"Pamanukan, Indonesia",,Indonesia
"M 6.8 - 76 km WNW of Kandrian, Papua New Guinea",6.8,2016,green,1,716,us,0,3.727,11,mww,42,-6.0033,148.887,"Kandrian, Papua New Guinea",,Papua New Guinea
M 6.9 - Fiji region,6.9,2016,green,1,733,us,0,4.051,9,mww,596.4,-19.7819,-178.244,Fiji region,,Fiji
"M 6.8 - 90 km NE of Rabaul, Papua New Guinea",6.8,2016,green,1,713,us,0,0.803,12,mww,476,-3.6849,152.792,"Rabaul, Papua New Guinea",,Papua New Guinea
"M 6.8 - 26 km W of Chauk, Myanmar",6.8,2016,yellow,0,981,us,0,1.802,17,mww,82,20.9228,94.569,"Chauk, Myanmar",Asia,Myanmar
"M 6.6 - 80 km W of Sungai Penuh, Indonesia",6.6,2016,green,0,671,us,0,2.435,16,mww,50,-2.0967,100.665,"Sungai Penuh, Indonesia",,Indonesia
"M 6.9 - 24 km NW of Rosa Zarate, Ecuador",6.9,2016,green,1,780,us,0,1.192,17,mww,29.95,0.4947,-79.616,"Rosa Zarate, Ecuador",South America,Ecuador
"M 6.7 - 32 km SE of Muisne, Ecuador",6.7,2016,green,1,744,us,0,1.352,21,mww,16,0.4261,-79.7899,"Muisne, Ecuador",South America,Ecuador
"M 7.0 - 3 km NW of Norsup, Vanuatu",7,2016,green,1,755,us,0,0.616,14,mww,24,-16.0429,167.379,"Norsup, Vanuatu",,Vanuatu
"M 7.8 - 27 km SSE of Muisne, Ecuador",7.8,2016,orange,1,1163,us,0,1.44,15,mww,20.59,0.3819,-79.9218,"Muisne, Ecuador",South America,Ecuador
"M 7.0 - 6 km ESE of Kumamoto, Japan",7,2016,red,1,2074,us,0,0.349,32,mww,10,32.7906,130.754,"Kumamoto, Japan",Asia,Japan
"M 6.9 - 76 km SE of Mawlaik, Myanmar",6.9,2016,yellow,0,903,us,0,3.001,14,mww,136,23.0944,94.8654,"Mawlaik, Myanmar",Asia,Myanmar
"M 6.6 - 42 km WSW of Ashk?sham, Afghanistan",6.6,2016,green,0,738,us,0,0.789,17,mww,212,36.4725,71.1311,"Ashk?sham, Afghanistan",Asia,Afghanistan
"M 6.7 - 104 km W of Sola, Vanuatu",6.7,2016,green,1,692,us,0,6.787,25,mww,27.59,-13.9805,166.594,"Sola, Vanuatu",,Vanuatu
"M 6.7 - 102 km WSW of Sola, Vanuatu",6.7,2016,green,1,691,us,0,6.697,19,mww,24,-14.0683,166.624,"Sola, Vanuatu",,Vanuatu
"M 6.9 - 82 km NNW of Port-Olry, Vanuatu",6.9,2016,green,1,734,us,0,1.166,25,mww,26,-14.3235,166.855,"Port-Olry, Vanuatu",,Vanuatu
"M 7.2 - 80 km S of Mil’kovo, Russia",7.2,2016,green,1,799,us,0,0.958,17,mww,177,53.9776,158.546,"Mil’kovo, Russia",Asia,Russia
"M 7.1 - 47 km ESE of Pedro Bay, Alaska",7.1,2016,green,1,1496,ak,0,0,0,mw,125.6,59.6204,-153.339,"Pedro Bay, Alaska",North America,United States of America
"M 6.7 - 52 km SE of Shizunai-furukawach?, Japan",6.7,2016,green,1,717,us,0,0.281,22,mww,46,41.9723,142.781,"Shizunai-furukawach?, Japan",Asia,Japan
"M 6.5 - 227 km SE of Sarangani, Philippines",6.5,2016,green,1,651,us,0,3.144,22,mww,13,3.8965,126.862,"Sarangani, Philippines",,Indonesia
"M 6.7 - 29 km W of Imph?l, India",6.7,2016,orange,0,1515,us,0,1.794,16,mww,55,24.8036,93.6505,"Imph?l, India",Asia,India
"M 6.6 - 4 km W of Manuel Ávila Camacho (Ponte Duro), Mexico",6.6,2015,green,1,765,us,0,0.41,35,mww,85,15.8015,-93.633,"Manuel Ávila Camacho (Ponte Duro), Mexico",,Mexico
"M 6.9 - 107 km SE of Amahai, Indonesia",6.9,2015,green,0,738,us,0,2.979,14,mww,21,-4.1064,129.508,"Amahai, Indonesia",,Indonesia
"M 7.2 - 104 km W of Murghob, Tajikistan",7.2,2015,green,0,827,us,0,1.116,18,mww,22,38.2107,72.7797,"Murghob, Tajikistan",Asia,Tajikistan
"M 6.7 - 125 km SSW of Tarauacá, Brazil",6.7,2015,green,0,691,us,0,2.033,19,mww,602.75,-9.1825,-71.2574,"Tarauacá, Brazil",South America,Brazil
"M 7.6 - 185 km WNW of Iñapari, Peru",7.6,2015,green,0,896,us,0,2.852,10,mww,620.56,-10.0598,-71.0184,"Iñapari, Peru",South America,Peru
"M 7.6 - 155 km WNW of Iñapari, Peru",7.6,2015,green,1,957,us,0,3.287,10,mww,606.21,-10.5372,-70.9437,"Iñapari, Peru",South America,Peru
"M 6.8 - 153 km WSW of Buala, Solomon Islands",6.8,2015,green,1,715,us,0,1.599,19,mww,12.59,-8.8994,158.422,"Buala, Solomon Islands",,Solomon Islands
"M 6.5 - 19 km SSW of Lefkáda, Greece",6.5,2015,orange,0,1018,us,0,0,0,mww,11,38.67,20.6,"Lefkáda, Greece",Europe,Greece
"M 6.8 - 39 km SW of Ovalle, Chile",6.8,2015,green,1,841,us,0,0.258,41,mww,46,-30.8796,-71.4519,"Ovalle, Chile",South America,Chile
"M 6.5 - 47 km NW of Maubara, Timor Leste",6.5,2015,green,0,657,us,0,1.53,21,mww,20,-8.3381,124.875,"Maubara, Timor Leste",,Indonesia
"M 7.5 - Hindu Kush region, Afghanistan",7.5,2015,orange,0,1448,us,0,0.622,18,mww,231,36.5244,70.3676,"Hindu Kush region, Afghanistan",Asia,Afghanistan
"M 7.1 - 31 km NE of Port-Olry, Vanuatu",7.1,2015,green,1,780,us,0,0.592,11,mww,135,-14.8595,167.303,"Port-Olry, Vanuatu",,Vanuatu
"M 6.6 - 28 km N of Sorong, Indonesia",6.6,2015,green,0,671,us,0,2.486,13,mww,18,-0.6212,131.262,"Sorong, Indonesia",,Indonesia
"M 6.6 - 22 km WSW of Illapel, Chile",6.6,2015,green,1,820,us,0,1.064,14,mww,35,-31.7275,-71.3792,"Illapel, Chile",South America,Chile
"M 6.7 - 61 km WNW of Illapel, Chile",6.7,2015,green,0,718,us,0,0.853,35,mww,23,-31.5173,-71.804,"Illapel, Chile",,Chile
"M 6.5 - 54 km WNW of Illapel, Chile",6.5,2015,green,0,657,us,0,0.749,62,mww,27,-31.4244,-71.6876,"Illapel, Chile",,Chile
"M 7.0 - 25 km WNW of Illapel, Chile",7,2015,green,0,799,us,0,0.903,13,mww,28.41,-31.5622,-71.4262,"Illapel, Chile",South America,Chile
"M 8.3 - 48 km W of Illapel, Chile",8.3,2015,orange,1,1960,us,0,0.684,19,mww,22.44,-31.5729,-71.6744,"Illapel, Chile",,Chile
"M 7.0 - 234 km W of Abepura, Indonesia",7,2015,green,1,762,us,0,6.278,12,mww,48,-2.6286,138.528,"Abepura, Indonesia",,Indonesia
"M 6.7 - 150 km WNW of Malango, Solomon Islands",6.7,2015,green,1,691,us,0,1.529,11,mww,12,-9.307,158.403,"Malango, Solomon Islands",,Solomon Islands
"M 6.8 - 32 km SE of ?funato, Japan",6.8,2015,green,1,831,us,0,1.422,8,mww,35,38.9056,142.032,"?funato, Japan",Asia,Japan
M 7.3 - Nepal,7.3,2015,orange,0,1563,us,0,0.677,11,mww,15,27.8087,86.0655,Nepal,Asia,Nepal
"M 7.5 - 131 km SSW of Kokopo, Papua New Guinea",7.5,2015,green,1,869,us,0,1.295,22,mww,55,-5.4624,151.875,"Kokopo, Papua New Guinea",,Papua New Guinea
"M 6.8 - 109 km SSW of Kokopo, Papua New Guinea",6.8,2015,green,1,714,us,0,1.074,23,mww,44,-5.2005,151.777,"Kokopo, Papua New Guinea",,Papua New Guinea
"M 6.7 - 126 km SSW of Kokopo, Papua New Guinea",6.7,2015,green,1,692,us,0,1.239,12,mww,31,-5.375,151.771,"Kokopo, Papua New Guinea",,Papua New Guinea
"M 6.7 - 21 km SSE of Kod?ri??, Nepal",6.7,2015,yellow,0,1016,us,0,0.727,13,mww,22.91,27.7711,86.0173,"Kod?ri??, Nepal",Asia,Nepal
"M 6.6 - 71 km NNE of Bharatpur, Nepal",6.6,2015,yellow,0,733,us,0,1.778,16,mww,10,28.2244,84.8216,"Bharatpur, Nepal",Asia,Nepal
"M 7.8 - 67 km NNE of Bharatpur, Nepal",7.8,2015,red,0,2820,us,0,1.857,12,mww,8.22,28.2305,84.7314,"Bharatpur, Nepal",Asia,Nepal
"M 7.5 - 53 km SE of Kokopo, Papua New Guinea",7.5,2015,green,1,872,us,0,0.666,19,mww,41,-4.7294,152.562,"Kokopo, Papua New Guinea",,Papua New Guinea
"M 7.0 - 150 km NNE of Maumere, Indonesia",7,2015,green,0,760,us,0,1.362,12,mww,552.06,-7.2968,122.535,"Maumere, Indonesia",,Indonesia
"M 6.7 - 103 km W of El Aguilar, Argentina",6.7,2015,green,1,700,us,0,2.11,16,mww,223,-23.1125,-66.688,"El Aguilar, Argentina",South America,Argentina
"M 6.8 - 81 km NNE of Port-Vila, Vanuatu",6.8,2015,green,1,711,us,0,2.019,13,mww,219.96,-17.0309,168.52,"Port-Vila, Vanuatu",,Vanuatu
"M 6.6 - 22 km ESE of Punta de Burica, Panama",6.6,2014,green,1,709,us,0,2.485,43,mww,20,7.9401,-82.6865,"Punta de Burica, Panama",,Panama
"M 6.6 - 106 km WSW of Sangay, Philippines",6.6,2014,green,0,670,us,0,2.6,9,mww,614,6.1572,123.126,"Sangay, Philippines",,Philippines
"M 6.8 - 157 km NW of Ternate, Indonesia",6.8,2014,green,1,713,us,0,1.421,19,mww,39,1.9604,126.575,"Ternate, Indonesia",,Indonesia
"M 6.5 - 123 km WNW of Tobelo, Indonesia",6.5,2014,green,1,652,us,0,1.549,9,mww,35,2.2999,127.056,"Tobelo, Indonesia",,Indonesia
"M 7.1 - 155 km NW of Ternate, Indonesia",7.1,2014,green,1,779,us,0,1.397,18,mww,45,1.8929,126.522,"Ternate, Indonesia",,Indonesia
"M 6.6 - 76 km NE of Finschhafen, Papua New Guinea",6.6,2014,green,1,671,us,0,3.557,13,mww,53.19,-5.9873,148.232,"Finschhafen, Papua New Guinea",,Papua New Guinea
"M 6.8 - 38 km NW of Aniso, Peru",6.8,2014,green,1,741,us,0,4.107,18,mww,101,-14.598,-73.5714,"Aniso, Peru",South America,Peru
M 6.9 - Fiji region,6.9,2014,green,1,732,us,0,3.934,15,mww,615.42,-19.8015,-178.4,Fiji region,,Fiji
"M 6.9 - 4 km W of Puerto Madero, Mexico",6.9,2014,orange,1,1079,us,0,0.263,51,mww,53,14.724,-92.4614,"Puerto Madero, Mexico",,Mexico
"M 7.9 - Rat Islands, Aleutian Islands, Alaska",7.9,2014,green,1,963,us,0,0.133,22,mww,109,51.8486,178.735,"Rat Islands, Aleutian Islands, Alaska",North America,United States of America
"M 6.9 - 21 km SSW of Kamariótissa, Greece",6.9,2014,green,0,951,us,0,0.402,25,mww,6.43,40.2893,25.3889,"Kamariótissa, Greece",Europe,Greece
"M 6.6 - 57 km SW of Panguna, Papua New Guinea",6.6,2014,green,1,670,us,0,3.803,11,mww,29,-6.6558,155.087,"Panguna, Papua New Guinea",,Papua New Guinea
"M 7.2 - 9 km ENE of Coyuquilla Norte, Mexico",7.2,2014,yellow,1,1017,us,0,2.25,46,mww,24,17.397,-100.972,"Coyuquilla Norte, Mexico",North America,Mexico
"M 6.6 - 15 km N of Belén, Nicaragua",6.6,2014,green,1,677,us,0,0.761,20,mww,135,11.642,-85.8779,"Belén, Nicaragua",,Nicaragua
"M 7.1 - 56 km WSW of Panguna, Papua New Guinea",7.1,2014,green,1,776,us,0,3.729,21,mww,60.53,-6.5858,155.048,"Panguna, Papua New Guinea",,Papua New Guinea
"M 6.9 - 272 km ESE of Hotan, China",6.9,2014,yellow,0,733,us,0,7.496,18,mww,10,35.9053,82.5864,"Hotan, China",Asia,People's Republic of China
"M 6.5 - 32 km E of Port-Olry, Vanuatu",6.5,2014,green,1,650,us,0,0.409,20,mww,122,-15.0691,167.372,"Port-Olry, Vanuatu",,Vanuatu
"M 6.5 - 32 km W of Sola, Vanuatu",6.5,2014,green,1,650,us,0,3.997,14,mww,187,-13.8633,167.249,"Sola, Vanuatu",,Vanuatu
M 7.7 - Scotia Sea,7.7,2013,green,1,912,us,0,8.05,23,mww,10,-60.2738,-46.4011,Scotia Sea,,United Kingdom of Great Britain and Northern Ireland (the)
M 6.9 - Scotia Sea,6.9,2013,green,1,732,us,0,8.284,17,mww,9.97,-60.2627,-47.0621,Scotia Sea,,United Kingdom of Great Britain and Northern Ireland (the)
"M 6.6 - 41 km SSW of Coquimbo, Chile",6.6,2013,green,1,723,us,0,0.636,31,mww,27,-30.2921,-71.5215,"Coquimbo, Chile",South America,Chile
"M 6.8 - 62 km WSW of Panguna, Papua New Guinea",6.8,2013,green,1,711,us,0,5.79,9,mww,35,-6.4456,154.931,"Panguna, Papua New Guinea",,Papua New Guinea
"M 7.1 - 4 km SE of Sagbayan, Philippines",7.1,2013,orange,1,1092,us,0,3.144,12,mww,19.04,9.8796,124.117,"Sagbayan, Philippines",,Philippines
"M 6.8 - 129 km WSW of Khuzdar, Pakistan",6.8,2013,orange,0,1005,us,0,7.359,17,mww,12,27.1825,65.5052,"Khuzdar, Pakistan",Asia,Pakistan
"M 7.1 - 16 km WSW of Atiquipa, Peru",7.1,2013,green,1,843,us,0,4.446,17,mww,40,-15.8385,-74.5112,"Atiquipa, Peru",,Peru
"M 7.7 - 113 km NW of Bela, Pakistan",7.7,2013,red,0,2015,us,0,7.241,17,mww,15,26.951,65.5009,"Bela, Pakistan",Asia,Pakistan
"M 6.5 - 180 km NE of Lospalos, Timor Leste",6.5,2013,green,0,668,us,0,3.097,11,mww,112,-7.44,128.221,"Lospalos, Timor Leste",,Indonesia
"M 6.5 - 29 km SE of Blenheim, New Zealand",6.5,2013,yellow,1,690,us,0,0,0,mww,8.2,-41.734,174.152,"Blenheim, New Zealand",,New Zealand
"M 6.5 - 38 km ESE of Blenheim, New Zealand",6.5,2013,yellow,1,693,us,229,0,20,mww,17,-41.704,174.337,"Blenheim, New Zealand",,New Zealand
M 7.3 - South Sandwich Islands region,7.3,2013,green,1,820,us,398,0,43,mww,11,-60.857,-25.07,South Sandwich Islands region,,United Kingdom of Great Britain and Northern Ireland (the)
"M 6.6 - 26 km NE of Kandrian, Papua New Guinea",6.6,2013,green,0,674,us,139,0,14,mww,56,-6.029,149.706,"Kandrian, Papua New Guinea",,Papua New Guinea
"M 7.3 - 190 km ENE of Kokopo, Papua New Guinea",7.3,2013,green,1,820,us,117,0,24,mww,385.5,-3.917,153.927,"Kokopo, Papua New Guinea",,Papua New Guinea
"M 6.5 - 33 km N of Rabaul, Papua New Guinea",6.5,2013,green,1,650,us,264,0,16.6,mww,10,-3.898,152.127,"Rabaul, Papua New Guinea",,Papua New Guinea
"M 6.6 - 56 km WSW of Linqiong, China",6.6,2013,red,0,2083,us,548,0,12.6,mww,14,30.308,102.888,"Linqiong, China",Asia,People's Republic of China
"M 7.2 - 252 km ENE of Kuril’sk, Russia",7.2,2013,green,1,804,us,770,0,10.1,mww,110,46.221,150.788,"Kuril’sk, Russia",Asia,Russia
"M 6.6 - 23 km ESE of Aitape, Papua New Guinea",6.6,2013,green,1,672,us,445,0,11,mww,13,-3.214,142.542,"Aitape, Papua New Guinea",,Papua New Guinea
"M 7.7 - 79 km ESE of Kh?sh, Iran",7.7,2013,yellow,0,1421,us,506,0,26.6,mww,80,28.033,61.996,"Kh?sh, Iran",Asia,Iran
"M 7.0 - 260 km WSW of Abepura, Indonesia",7,2013,green,1,755,us,640,0,11.4,mww,66,-3.517,138.476,"Abepura, Indonesia",,Indonesia
"M 6.5 - 36 km E of Finschhafen, Papua New Guinea",6.5,2013,green,1,650,us,317,0,14.2,mww,28,-6.598,148.174,"Finschhafen, Papua New Guinea",,Papua New Guinea
"M 6.6 - 183 km SW of Belaya Gora, Russia",6.6,2013,green,1,670,us,697,0,15.3,mww,11,67.631,142.508,"Belaya Gora, Russia",Asia,Russia
"M 6.6 - 30 km SSW of Lata, Solomon Islands",6.6,2013,green,1,670,us,421,0,16.6,mww,18,-10.994,165.741,"Lata, Solomon Islands",,Solomon Islands
"M 6.9 - 2 km NNE of Yacuanquer, Colombia",6.9,2013,green,1,904,us,562,0,23.7,mww,145,1.135,-77.393,"Yacuanquer, Colombia",South America,Colombia
"M 7.1 - 32 km SE of Lata, Solomon Islands",7.1,2013,green,1,780,us,334,0,16.5,mww,21,-10.928,166.018,"Lata, Solomon Islands",,Solomon Islands
"M 6.8 - 22 km ESE of Lata, Solomon Islands",6.8,2013,green,1,711,us,400,0,17.5,mww,12,-10.838,165.969,"Lata, Solomon Islands",,Solomon Islands
"M 6.7 - 33 km SSW of Lata, Solomon Islands",6.7,2013,green,1,691,us,387,0,26.5,mww,11,-10.997,165.655,"Lata, Solomon Islands",,Solomon Islands
"M 7.0 - 33 km NW of Lata, Solomon Islands",7,2013,green,0,754,us,445,0,17.5,mww,8.8,-10.499,165.588,"Lata, Solomon Islands",,Solomon Islands
"M 6.9 - 18 km SSW of Obihiro, Japan",6.9,2013,yellow,0,814,us,686,0,28,mww,107,42.77,143.092,"Obihiro, Japan",Asia,Japan
"M 6.8 - 54 km N of Vallenar, Chile",6.8,2013,green,0,771,us,596,0,19.3,mww,45,-28.094,-70.653,"Vallenar, Chile",South America,Chile
"M 6.7 - 59 km SSW of Sola, Vanuatu",6.7,2012,,0,691,us,521,0,13.7,mww,200.7,-14.344,167.286,"Sola, Vanuatu",,Vanuatu
M 7.1 - Banda Sea,7.1,2012,,0,843,us,517,0,8.7,mww,155,-6.533,129.825,Banda Sea,,Indonesia
"M 6.8 - 51 km NNE of Shwebo, Myanmar",6.8,2012,,0,795,us,391,0,13.7,mww,13.7,23.005,95.885,"Shwebo, Myanmar",Asia,Myanmar
"M 7.8 - 206 km SW of Prince Rupert, Canada",7.8,2012,,0,1726,us,807,0,42.7,mww,14,52.788,-132.101,"Prince Rupert, Canada",North America,Canada
M 6.5 - Costa Rica,6.5,2012,,0,745,us,691,0,34.4,mww,17,10.086,-85.298,Costa Rica,,Costa Rica
"M 6.6 - 163 km ENE of Tual, Indonesia",6.6,2012,,0,675,us,291,0,17.7,mww,13,-4.892,134.03,"Tual, Indonesia",,Indonesia
"M 7.3 - 11 km WNW of San Agustín, Colombia",7.3,2012,,0,1221,us,934,0,15.5,mww,170,1.929,-76.362,"San Agustín, Colombia",South America,Colombia
"M 7.6 - 11 km ENE of Hojancha, Costa Rica",7.6,2012,,0,1555,us,703,0,34.3,mww,35,10.085,-85.315,"Hojancha, Costa Rica",,Costa Rica
"M 6.6 - 140 km WNW of Tobelo, Indonesia",6.6,2012,,0,678,us,497,0,14.6,mww,91.1,2.19,126.837,"Tobelo, Indonesia",,Indonesia
"M 6.5 - 105 km ESE of Kokopo, Papua New Guinea",6.5,2012,,0,653,us,576,0,11.7,mww,41,-4.651,153.173,"Kokopo, Papua New Guinea",,Papua New Guinea
"M 6.6 - 76 km W of Neiafu, Tonga",6.6,2012,,0,675,us,529,0,15.7,mww,134.7,-18.685,-174.705,"Neiafu, Tonga",,Tonga
"M 6.7 - 86 km SSE of Manokwari, Indonesia",6.7,2012,,0,691,us,370,0,15.4,mww,16,-1.617,134.276,"Manokwari, Indonesia",,Indonesia
"M 6.8 - 140 km N of Lae, Papua New Guinea",6.8,2012,,0,732,us,597,0,12.6,mww,198,-5.462,147.117,"Lae, Papua New Guinea",,Papua New Guinea
"M 6.7 - 22 km NW of Hacienda La Calera, Chile",6.7,2012,,0,691,us,518,0,26.9,mww,29,-32.625,-71.365,"Hacienda La Calera, Chile",South America,Chile
"M 7.0 - 69 km ENE of San Luis, Mexico",7,2012,,0,1000,us,474,0,95.9,mww,13,28.696,-113.104,"San Luis, Mexico",North America,Mexico
"M 6.5 - 41 km NW of El Habillal, Mexico",6.5,2012,,0,1171,us,599,0,54.1,mwb,20,18.229,-102.689,"El Habillal, Mexico",North America,Mexico
"M 7.1 - 23 km NE of Constitución, Chile",7.1,2012,,0,1496,us,553,0,15.2,mww,40.7,-35.2,-72.217,"Constitución, Chile",South America,Chile
"M 6.6 - 11 km ENE of Kainantu, Papua New Guinea",6.6,2012,,0,709,us,640,0,10.1,mww,118,-6.242,145.955,"Kainantu, Papua New Guinea",,Papua New Guinea
"M 7.4 - 6 km E of Santiago Llano Grande, Mexico",7.4,2012,,0,1752,us,672,0,37.9,mww,20,16.493,-98.231,"Santiago Llano Grande, Mexico",North America,Mexico
"M 6.7 - 38 km NE of Saryg-Sep, Russia",6.7,2012,,0,833,us,596,0,13.4,mww,12,51.708,95.991,"Saryg-Sep, Russia",Asia,Russia
"M 6.7 - 2 km NNE of Jimalalud, Philippines",6.7,2012,,0,1551,us,572,0,11.1,mww,11,9.999,123.206,"Jimalalud, Philippines",,Philippines
"M 6.6 - 45 km NNE of Saryg-Sep, Russia",6.6,2011,,0,670,us,545,0,17.6,mww,15,51.842,95.911,"Saryg-Sep, Russia",Asia,Russia
"M 7.1 - 25 km SSE of Wau, Papua New Guinea",7.1,2011,,0,834,us,485,0,10.6,mww,135,-7.551,146.809,"Wau, Papua New Guinea",,Papua New Guinea
"M 6.5 - 6 km SSW of Nuevo Balsas, Mexico",6.5,2011,,0,1400,us,578,0,38.6,mww,59,17.986,-99.789,"Nuevo Balsas, Mexico",North America,Mexico
"M 6.9 - 39 km SW of Santiago, Peru",6.9,2011,,0,847,us,474,0,46.5,mww,24,-14.438,-75.966,"Santiago, Peru",South America,Peru
"M 7.1 - 27 km NNE of Van, Turkey",7.1,2011,,0,1096,us,693,0,19.7,mww,18,38.721,43.508,"Van, Turkey",Asia,Turkey
"M 6.5 - 4 km ESE of Finschhafen, Papua New Guinea",6.5,2011,,0,655,us,423,0,12.6,mww,37,-6.57,147.881,"Finschhafen, Papua New Guinea",,Papua New Guinea
"M 6.9 - 43 km NW of Mangan, India",6.9,2011,,0,1562,us,383,0,13,mww,50,27.73,88.155,"Mangan, India",Asia,India
"M 6.7 - 68 km WSW of Kabanjahe, Indonesia",6.7,2011,,0,915,us,447,0,15.3,mww,91,2.965,97.893,"Kabanjahe, Indonesia",,Indonesia
"M 7.0 - 64 km ESE of Contamana, Peru",7,2011,,0,913,us,471,0,26.9,mww,147,-7.641,-74.525,"Contamana, Peru",South America,Peru
"M 6.6 - 103 km NE of Angoram, Papua New Guinea",6.6,2011,,0,674,us,229,0,16.6,mww,10,-3.518,144.828,"Angoram, Papua New Guinea",,Papua New Guinea
"M 6.7 - 41 km NNE of Miyako, Japan",6.7,2011,,0,749,us,592,0,24.9,mww,33,39.955,142.205,"Miyako, Japan",Asia,Japan
"M 6.8 - 79 km W of Kirakira, Solomon Islands",6.8,2011,,0,719,us,445,0,13,mww,79,-10.375,161.2,"Kirakira, Solomon Islands",,Solomon Islands
"M 6.6 - 17 km SSW of Ishikawa, Japan",6.6,2011,,0,822,us,586,0,10.1,mww,11,37.001,140.401,"Ishikawa, Japan",Asia,Japan
"M 7.1 - 29 km ESE of Ishinomaki, Japan",7.1,2011,,0,1114,us,446,0,17.7,mww,42,38.276,141.588,"Ishinomaki, Japan",Asia,Japan
"M 6.6 - 7 km SW of Helio García Alfaro, Mexico",6.6,2011,,0,897,us,518,0,37.2,mww,166.2,17.208,-94.338,"Helio García Alfaro, Mexico",,Mexico
"M 6.9 - 27 km NNW of Tachilek, Myanmar",6.9,2011,,0,1154,us,335,0,18.2,mww,8,20.687,99.822,"Tachilek, Myanmar",Asia,Myanmar
"M 6.9 - 21 km N of Tomé, Chile",6.9,2011,,0,988,us,382,0,34.7,mww,26,-36.422,-72.96,"Tomé, Chile",South America,Chile
"M 7.2 - 46 km WSW of Dalbandin, Pakistan",7.2,2011,,0,1449,us,372,0,25.3,mww,68,28.777,63.951,"Dalbandin, Pakistan",Asia,Pakistan
"M 7.2 - 42 km NNW of Carahue, Chile",7.2,2011,,0,1054,us,397,0,30.1,mww,24,-38.355,-73.326,"Carahue, Chile",South America,Chile
"M 6.7 - 111 km SE of Bam, Iran",6.7,2010,,0,708,us,279,0,24.3,mwc,12,28.412,59.18,"Bam, Iran",Asia,Iran
"M 6.6 - 52 km ENE of Kandrian, Papua New Guinea",6.6,2010,,0,670,us,306,0,18.5,mwb,33,-6.001,149.977,"Kandrian, Papua New Guinea",,Papua New Guinea
"M 7.0 - Near the south coast of Papua, Indonesia",7,2010,,0,772,us,271,0,15.1,mwc,26,-4.963,133.76,"Papua, Indonesia",,Indonesia
"M 7.0 - 19 km NE of Methven, New Zealand",7,2010,,0,1245,us,365,0,15.8,mwc,12,-43.522,171.83,"Methven, New Zealand",,New Zealand
M 7.1 - Ecuador,7.1,2010,,0,945,us,672,0,12.4,mwc,206.7,-1.266,-77.306,Ecuador,South America,Ecuador
"M 7.3 - 33 km NW of Port-Vila, Vanuatu",7.3,2010,,0,850,us,405,0,20.2,mwc,25,-17.541,168.069,"Port-Vila, Vanuatu",,Vanuatu
"M 7.0 - 72 km ESE of Kimbe, Papua New Guinea",7,2010,,0,757,us,396,0,12.7,mww,44,-5.746,150.765,"Kimbe, Papua New Guinea",,Papua New Guinea
"M 6.5 - 118 km ESE of Madang, Papua New Guinea",6.5,2010,,0,659,us,403,0,11.1,mwc,220,-5.486,146.822,"Madang, Papua New Guinea",,Papua New Guinea
"M 7.6 - 61 km W of Bantogon, Philippines",7.6,2010,,0,902,us,340,0,15.1,mwc,578,6.497,123.48,"Bantogon, Philippines",,Philippines
"M 7.3 - New Britain region, Papua New Guinea",7.3,2010,,0,831,us,397,0,18.2,mwc,35,-5.931,150.59,"New Britain region, Papua New Guinea",,Papua New Guinea
"M 6.9 - 56 km SE of Kimbe, Papua New Guinea",6.9,2010,,0,737,us,456,0,15.7,mwc,28,-5.966,150.428,"Kimbe, Papua New Guinea",,Papua New Guinea
"M 6.6 - 30 km SSE of Cañete, Chile",6.6,2010,,0,753,us,295,0,52.8,mwc,22,-38.067,-73.31,"Cañete, Chile",South America,Chile
"M 6.7 - 55 km WSW of Kirakira, Solomon Islands",6.7,2010,,0,696,us,392,0,18.7,mwc,35,-10.627,161.447,"Kirakira, Solomon Islands",,Solomon Islands
"M 6.6 - 135 km SSE of Biak, Indonesia",6.6,2010,,0,670,us,309,0,25,mwc,10.5,-2.329,136.484,"Biak, Indonesia",,Indonesia
"M 7.0 - 121 km SSE of Biak, Indonesia",7,2010,,0,755,us,307,0,18.1,mwc,18,-2.174,136.543,"Biak, Indonesia",,Indonesia
"M 7.2 - 100 km WNW of Sola, Vanuatu",7.2,2010,,0,804,us,327,0,11.7,mwc,31,-13.698,166.643,"Sola, Vanuatu",,Vanuatu
"M 7.2 - 45 km SSW of Meulaboh, Indonesia",7.2,2010,,0,918,us,611,0,20.6,mwc,38,3.748,96.018,"Meulaboh, Indonesia",,Indonesia
"M 6.9 - 233 km NNW of Qamdo, China",6.9,2010,,0,773,us,410,0,14.9,mwc,17,33.165,96.548,"Qamdo, China",Asia,People's Republic of China
"M 7.8 - 75 km E of Sinabang, Indonesia",7.8,2010,,0,936,us,352,0,19.2,mwc,31,2.383,97.048,"Sinabang, Indonesia",,Indonesia
"M 7.2 - 12km SW of Delta, B.C., MX",7.2,2010,red,0,2910,ci,10,0.5137,239,mw,9.987,32.2862,-115.295,"Delta, B.C., MX",North America,Mexico
"M 6.6 - 217 km N of Bamboo Flat, India",6.6,2010,,0,701,us,413,0,16.7,mwc,34,13.667,92.831,"Bamboo Flat, India",,India
"M 7.0 - 52 km NW of Santa Cruz, Chile",7,2010,,0,874,us,403,0,17.1,mwc,18,-34.326,-71.799,"Santa Cruz, Chile",South America,Chile
"M 6.9 - 61 km NW of Santa Cruz, Chile",6.9,2010,,0,1280,us,415,0,12.5,mwc,11,-34.29,-71.891,"Santa Cruz, Chile",South America,Chile
"M 6.8 - 141 km W of Bengkulu, Indonesia",6.8,2010,,0,717,us,401,0,23.2,mwc,26,-3.762,100.991,"Bengkulu, Indonesia",,Indonesia
"M 6.6 - 23 km WNW of Talcahuano, Chile",6.6,2010,,0,736,us,255,0,27.8,mwb,18,-36.665,-73.374,"Talcahuano, Chile",,Chile
"M 6.5 - 48 km NW of Sola, Vanuatu",6.5,2010,,0,650,us,426,0,18.7,mwb,176,-13.571,167.227,"Sola, Vanuatu",,Vanuatu
"M 8.8 - 36 km WNW of Quirihue, Chile",8.8,2010,,0,1991,official,454,0,17.8,mww,22.9,-36.122,-72.898,"Quirihue, Chile",South America,Chile
"M 7.0 - 10 km SE of Léogâne, Haiti",7,2010,,0,1623,us,500,0,22.7,mwc,13,18.443,-72.571,"Léogâne, Haiti",,Haiti
"M 7.1 - 94 km SE of Gizo, Solomon Islands",7.1,2010,,0,780,us,377,0,15,mwc,10,-8.783,157.354,"Gizo, Solomon Islands",,Solomon Islands
"M 6.6 - 98 km SE of Gizo, Solomon Islands",6.6,2010,,0,672,us,282,0,16.6,mwc,10,-8.726,157.487,"Gizo, Solomon Islands",,Solomon Islands
"M 6.5 - 92 km N of Iquique, Chile",6.5,2009,,0,698,us,390,0,17.7,mwc,27,-19.394,-70.321,"Iquique, Chile",South America,Chile
"M 7.3 - 77 km ENE of Ba, Fiji",7.3,2009,,0,820,us,430,0,15,mwc,595,-17.239,178.331,"Ba, Fiji",,Fiji
"M 6.6 - 29 km NNW of Bima, Indonesia",6.6,2009,,0,677,us,305,0,20.4,mwc,18,-8.207,118.631,"Bima, Indonesia",,Indonesia
"M 6.9 - 268 km WSW of Tual, Indonesia",6.9,2009,,0,972,us,397,0,11,mwc,130,-6.133,130.385,"Tual, Indonesia",,Indonesia
"M 7.4 - 143 km NW of Sola, Vanuatu",7.4,2009,,0,842,us,314,0,20.2,mwc,31.1,-13.093,166.497,"Sola, Vanuatu",,Vanuatu
"M 7.7 - 148 km NW of Sola, Vanuatu",7.7,2009,,0,916,us,283,0,23.2,mww,45,-13.006,166.51,"Sola, Vanuatu",,Vanuatu
"M 6.6 - 49 km SSE of Sungai Penuh, Indonesia",6.6,2009,,0,787,us,417,0,30.1,mwc,9,-2.482,101.524,"Sungai Penuh, Indonesia",,Indonesia
"M 7.6 - 30 km WSW of Pariaman, Indonesia",7.6,2009,,0,1639,us,498,0,14,mwc,81,-0.72,99.867,"Pariaman, Indonesia",,Indonesia
"M 7.0 - 66 km SSW of Banjar, Indonesia",7,2009,,0,1175,us,312,0,16.3,mwc,46,-7.782,107.297,"Banjar, Indonesia",,Indonesia
"M 6.7 - 112 km WSW of Padang, Indonesia",6.7,2009,,0,753,us,369,0,14.9,mwc,20,-1.479,99.49,"Padang, Indonesia",,Indonesia
"M 6.9 - 96 km WNW of Bahía de Kino, Mexico",6.9,2009,,0,1202,us,243,0,35,mwc,10,29.039,-112.903,"Bahía de Kino, Mexico",North America,Mexico
"M 7.8 - 97 km WSW of Te Anau, New Zealand",7.8,2009,,0,1165,us,434,0,16.8,mwc,12,-45.762,166.562,"Te Anau, New Zealand",,New Zealand
"M 6.7 - 190 km ESE of Kokopo, Papua New Guinea",6.7,2009,,0,693,us,269,0,13.8,mwc,64,-5.157,153.782,"Kokopo, Papua New Guinea",,Papua New Guinea
"M 7.2 - 196 km SSE of Sarangani, Philippines",7.2,2009,,0,802,us,432,0,18.6,mwc,20,3.886,126.387,"Sarangani, Philippines",,Indonesia
"M 7.4 - 86 km WNW of Manokwari, Indonesia",7.4,2009,,0,846,us,314,0,21.1,mwc,23,-0.691,133.305,"Manokwari, Indonesia",,Indonesia
"M 6.6 - 50 km S of Jurm, Afghanistan",6.6,2009,,0,765,us,344,0,22.6,mwc,204.8,36.419,70.743,"Jurm, Afghanistan",Asia,Afghanistan
"M 7.7 - 140 km WNW of Manokwari, Indonesia",7.7,2009,,0,918,us,288,0,29.8,mwc,17,-0.414,132.885,"Manokwari, Indonesia",,Indonesia
"M 7.4 - 135 km NW of Gorontalo, Indonesia",7.4,2008,,0,848,us,365,0,33.7,mww,30,1.271,122.091,"Gorontalo, Indonesia",,Indonesia
"M 6.7 - 19 km SW of Brisas Barra de Suchiate, Mexico",6.7,2008,,0,731,us,481,0,28.6,mwc,24,14.423,-92.364,"Brisas Barra de Suchiate, Mexico",,Mexico
"M 6.7 - 131 km SE of Nookat, Kyrgyzstan",6.7,2008,,0,691,us,529,0,22.3,mwc,27.4,39.533,73.824,"Nookat, Kyrgyzstan",Asia,Kyrgyzstan
"M 6.6 - 73 km WNW of Tobelo, Indonesia",6.6,2008,,0,670,us,463,0,14.1,mwc,96,1.885,127.363,"Tobelo, Indonesia",,Indonesia
"M 6.9 - 75 km WNW of Sola, Vanuatu",6.9,2008,,0,732,us,531,0,14.9,mwc,110,-13.501,166.967,"Sola, Vanuatu",,Vanuatu
"M 6.7 - 221 km NE of Jumla, Nepal",6.7,2008,,0,692,us,325,0,28,mwc,12,30.901,83.52,"Jumla, Nepal",Asia,People's Republic of China
"M 6.8 - 29 km ENE of Morioka, Japan",6.8,2008,,0,1046,us,633,0,20.2,mwc,108,39.802,141.464,"Morioka, Japan",Asia,Japan
"M 6.9 - 24 km WSW of Mizusawa, Japan",6.9,2008,,0,888,us,654,0,17.1,mwc,7.8,39.03,140.881,"Mizusawa, Japan",Asia,Japan
"M 7.9 - 58 km W of Tianpeng, China",7.9,2008,,0,1870,us,774,0,11.3,mwc,19,31.002,103.322,"Tianpeng, China",Asia,People's Republic of China
"M 7.2 - 226 km SE of Hotan, China",7.2,2008,,0,798,us,532,0,25.9,mwc,10,35.49,81.467,"Hotan, China",Asia,People's Republic of China
"M 6.7 - 155 km SSW of Padang, Indonesia",6.7,2008,,0,696,us,543,0,15.1,mwc,25,-2.245,99.808,"Padang, Indonesia",,Indonesia
"M 6.6 - 161 km SSW of Padang, Indonesia",6.6,2008,,0,674,us,421,0,17.7,mwc,25,-2.332,99.891,"Padang, Indonesia",,Indonesia
"M 7.2 - 164 km WSW of Sungai Penuh, Indonesia",7.2,2008,,0,832,us,505,0,18.4,mwc,25,-2.486,99.972,"Sungai Penuh, Indonesia",,Indonesia
"M 6.5 - 166 km WSW of Sungai Penuh, Indonesia",6.5,2008,,0,654,us,429,0,28.3,mwc,22,-2.405,99.931,"Sungai Penuh, Indonesia",,Indonesia
"M 7.4 - 56 km NW of Sinabang, Indonesia",7.4,2008,,0,914,us,607,0,16.4,mwc,26,2.768,95.964,"Sinabang, Indonesia",,Indonesia
"M 6.5 - 9 km SSW of General Pascual Fentes, Mexico",6.5,2008,,0,723,us,521,0,27.6,mwc,83,16.357,-94.304,"General Pascual Fentes, Mexico",,Mexico
"M 6.7 - 80 km NNE of Antofagasta, Chile",6.7,2007,,0,704,us,481,0,30.3,mwb,45,-22.954,-70.182,Ant,South America,Chile
"M 7.4 - 18 km WNW of Basse-Pointe, Martinique",7.4,2007,,0,1542,us,663,0,13.4,mwb,156,14.944,-61.274,"Basse-Pointe, Martinique",,Martinique
"M 6.6 - 60 km SSE of Kirakira, Solomon Islands",6.6,2007,,0,672,us,280,0,26.9,mwc,16,-10.95,162.149,"Kirakira, Solomon Islands",,Solomon Islands
"M 6.5 - 34 km N of Dompu, Indonesia",6.5,2007,,0,653,us,272,0,27.6,mwc,18,-8.224,118.467,"Dompu, Indonesia",,Indonesia
"M 6.5 - 28 km NNW of Dompu, Indonesia",6.5,2007,,0,657,us,353,0,27.5,mwc,20,-8.292,118.37,"Dompu, Indonesia",,Indonesia
"M 6.8 - 107 km N of Lae, Papua New Guinea",6.8,2007,,0,722,us,341,0,15.9,mwc,53,-5.757,147.098,"Lae, Papua New Guinea",,Papua New Guinea
"M 6.8 - 30 km E of Macas, Ecuador",6.8,2007,,0,790,us,649,0,27,mwc,122.9,-2.312,-77.838,"Macas, Ecuador",South America,Ecuador
"M 6.8 - 82 km NNE of Antofagasta, Chile",6.8,2007,,0,716,us,285,0,40.1,mwc,26,-22.925,-70.237,Ant,South America,Chile
"M 7.7 - 36 km ESE of Tocopilla, Chile",7.7,2007,,0,995,us,610,0,22.4,mwc,40,-22.247,-69.89,"Tocopilla, Chile",South America,Chile
"M 6.8 - 138 km W of Bengkulu, Indonesia",6.8,2007,,0,713,us,494,0,23.9,mwc,21,-3.899,101.02,"Bengkulu, Indonesia",,Indonesia
"M 6.8 - 70 km N of Te Anau, New Zealand",6.8,2007,,0,744,us,338,0,19,mwc,18,-44.796,167.553,"Te Anau, New Zealand",,New Zealand
"M 6.8 - 154 km ESE of Kokopo, Papua New Guinea",6.8,2007,,0,713,us,348,0,15.5,mwc,40,-4.99,153.5,"Kokopo, Papua New Guinea",,Papua New Guinea
"M 6.7 - 118 km SSW of Padang, Indonesia",6.7,2007,,0,696,us,503,0,26.9,mwc,30,-1.999,100.141,"Padang, Indonesia",,Indonesia
"M 7.0 - 153 km SSW of Padang, Indonesia",7,2007,,0,768,us,537,0,23.1,mwc,22,-2.13,99.627,"Padang, Indonesia",,Indonesia
"M 6.5 - Kepulauan Mentawai region, Indonesia",6.5,2007,,0,650,us,409,0,26.2,mwc,28.9,-1.689,99.668,"Kepulauan Mentawai region, Indonesia",,Indonesia
"M 7.9 - 87 km SW of Sungai Penuh, Indonesia",7.9,2007,,0,1133,us,446,0,29.1,mwc,35,-2.625,100.841,"Sungai Penuh, Indonesia",,Indonesia
"M 7.8 - 148 km WSW of Sungai Penuh, Indonesia",7.8,2007,,0,1152,duputel,0,0,0,mww,40.5,-2.52,100.139,"Sungai Penuh, Indonesia",Asia,Indonesia
"M 8.4 - 122 km SW of Bengkulu, Indonesia",8.4,2007,,0,1086,official,411,0,32.3,mww,34,-4.438,101.367,"Bengkulu, Indonesia",,Indonesia
"M 6.8 - 39 km WNW of Timbiquí, Colombia",6.8,2007,,0,747,us,653,0,17.6,mwc,15,2.966,-77.963,"Timbiquí, Colombia",,Colombia
"M 8.0 - 41 km SW of San Vicente de Cañete, Peru",8,2007,,0,1385,us,625,0,25.7,mwc,39,-13.386,-76.603,"San Vicente de Cañete, Peru",,Peru
"M 7.5 - 35 km NNE of Rengasdengklok, Indonesia",7.5,2007,,0,865,us,228,0,30.7,mwc,280,-5.859,107.419,"Rengasdengklok, Indonesia",,Indonesia
"M 7.2 - 56 km E of Luganville, Vanuatu",7.2,2007,,0,803,us,494,0,20.4,mwb,120,-15.595,167.68,"Luganville, Vanuatu",,Vanuatu
"M 6.9 - 140 km NNW of Tobelo, Indonesia",6.9,2007,,0,734,us,374,0,24.1,mwb,25,2.872,127.464,"Tobelo, Indonesia",,Indonesia
"M 6.6 - 20 km NNW of Kashiwazaki, Japan",6.6,2007,,0,831,us,782,0,16.7,mwc,12,37.535,138.446,"Kashiwazaki, Japan",Asia,Japan
"M 6.9 - 113 km SSE of Panguna, Papua New Guinea",6.9,2007,,0,732,us,305,0,15.3,mwc,10,-7.306,155.741,"Panguna, Papua New Guinea",,Solomon Islands
"M 6.6 - 99 km SSE of Panguna, Papua New Guinea",6.6,2007,,0,670,us,251,0,16,mb,10,-7.169,155.777,"Panguna, Papua New Guinea",,Solomon Islands
"M 8.1 - 45 km SSE of Gizo, Solomon Islands",8.1,2007,,0,1025,us,439,0,14.7,mwc,24,-8.466,157.043,"Gizo, Solomon Islands",,Solomon Islands
"M 6.7 - 46 km NW of Nanao, Japan",6.7,2007,,0,782,us,493,0,23.9,mwc,8,37.336,136.588,"Nanao, Japan",Asia,Japan
"M 6.7 - 206 km SSW of Sofifi, Indonesia",6.7,2007,,0,691,us,253,0,40.3,mwc,12,-1.034,126.976,S,,Indonesia
"M 7.5 - 126 km WNW of Ternate, Indonesia",7.5,2007,,0,874,us,570,0,21.6,mwc,22,1.065,126.282,"Ternate, Indonesia",,Indonesia
"M 6.9 - 26 km W of Hengchun, Taiwan",6.9,2006,,0,798,us,466,0,31.6,mwc,10,21.974,120.493,"Hengchun, Taiwan",Asia,Taiwan
"M 7.1 - 30 km SW of Hengchun, Taiwan",7.1,2006,,0,1023,us,744,0,29.1,mwb,10,21.799,120.547,"Hengchun, Taiwan",Asia,Taiwan
"M 6.7 - 52 km SW of San Vicente de Cañete, Peru",6.7,2006,,0,732,us,444,0,53.4,mwc,23,-13.457,-76.677,"San Vicente de Cañete, Peru",,Peru
"M 6.7 - 100 km ESE of Kimbe, Papua New Guinea",6.7,2006,,0,692,us,533,0,15.6,mwc,32,-5.881,150.982,"Kimbe, Papua New Guinea",,Papua New Guinea
"M 6.7 - 14 km SW of Puako, Hawaii",6.7,2006,,0,1481,hv,43,0,124,md,38.182,19.877,-155.935,"Puako, Hawaii",,United States of America
"M 6.8 - 49 km S of Panguna, Papua New Guinea",6.8,2006,,0,711,us,459,0,28.4,mwb,38,-6.759,155.512,"Panguna, Papua New Guinea",,Papua New Guinea
"M 6.5 - 81 km ESE of Ozernovskiy, Russia",6.5,2006,,0,650,us,700,0,47.4,mwb,43,51.148,157.522,"Ozernovskiy, Russia",Asia,Russia
"M 6.8 - 51 km NE of Norsup, Vanuatu",6.8,2006,,0,713,us,551,0,26.2,mwb,150,-15.798,167.789,"Norsup, Vanuatu",,Vanuatu
"M 6.5 - 111 km E of Kimbe, Papua New Guinea",6.5,2006,,0,650,us,477,0,20.3,mwc,34,-5.724,151.133,"Kimbe, Papua New Guinea",,Papua New Guinea
"M 6.6 - 42 km NNW of Tilichiki, Russia",6.6,2006,,0,670,us,548,0,28,mwc,19,60.772,165.743,"Tilichiki, Russia",Asia,Russia
"M 6.5 - 73 km WNW of Copiapó, Chile",6.5,2006,,0,653,us,282,0,46.3,mwc,12,-27.211,-71.056,"Copiapó, Chile",,Chile
"M 6.7 - 78 km WNW of Copiapó, Chile",6.7,2006,,0,696,us,277,0,25.6,mwb,12,-27.017,-71.022,"Copiapó, Chile",,Chile
"M 6.6 - 80 km E of Tilichiki, Russia",6.6,2006,,0,670,us,645,0,28.4,mwc,11,60.491,167.516,"Tilichiki, Russia",Asia,Russia
"M 7.6 - 80 km NE of Tilichiki, Russia",7.6,2006,,0,889,us,579,0,18.5,mwc,22,60.949,167.089,"Tilichiki, Russia",Asia,Russia
"M 6.7 - 108 km W of Ambon, Indonesia",6.7,2006,,0,691,us,306,0,21.3,mwb,30.1,-3.595,127.214,"Ambon, Indonesia",,Indonesia
"M 7.0 - 160 km SE of Chipinge, Zimbabwe",7,2006,,0,891,us,412,0,23.2,mwb,11,-21.324,33.583,"Chipinge, Zimbabwe",Africa,Mozambique
"M 6.7 - 26 km NE of Kýthira, Greece",6.7,2006,,0,934,us,769,0,19.7,mwb,66,36.311,23.212,"Kýthira, Greece",Europe,Greece
"M 6.5 - 53 km SW of Ashk?sham, Afghanistan",6.5,2005,,0,721,us,529,0,20.5,mwb,224.6,36.357,71.093,"Ashk?sham, Afghanistan",Asia,Afghanistan
"M 6.8 - 76 km ESE of Kalemie, Democratic Republic of the Congo",6.8,2005,,0,744,us,561,0,20,mwc,22,-6.224,29.83,"Kalemie, Democratic Republic",Africa,Tanzania
"M 6.5 - 57 km SE of Sinabang, Indonesia",6.5,2005,,0,651,us,358,0,20.7,mwb,21,2.164,96.786,"Sinabang, Indonesia",,Indonesia
"M 6.8 - 68 km NNE of San Pedro de Atacama, Chile",6.8,2005,,0,711,us,509,0,30.1,mwb,147,-22.361,-67.895,"San Pedro de Atacama, Chile",South America,Bolivia
"M 7.6 - 21 km NNE of Muzaffar?b?d, Pakistan",7.6,2005,,0,1267,us,724,0,21.1,mwc,26,34.539,73.588,"Muzaffar?b?d, Pakistan",Asia,Pakistan
"M 6.6 - 129 km SSW of Kokopo, Papua New Guinea",6.6,2005,,0,670,us,402,0,17.7,mwc,25,-5.437,151.84,"Kokopo, Papua New Guinea",,Papua New Guinea
"M 7.5 - 39 km NW of Yurimaguas, Peru",7.5,2005,,0,1018,us,696,0,26.2,mwb,115,-5.678,-76.398,"Yurimaguas, Peru",South America,Peru
"M 7.6 - 135 km E of Kokopo, Papua New Guinea",7.6,2005,,0,891,us,502,0,20,mwc,90,-4.539,153.474,"Kokopo, Papua New Guinea",,Papua New Guinea
"M 6.7 - 94 km WSW of Singkil, Indonesia",6.7,2005,,0,693,us,398,0,22.3,mwc,21,1.819,97.082,"Singkil, Indonesia",,Indonesia
"M 7.8 - 102 km ENE of Iquique, Chile",7.8,2005,,0,1020,us,714,0,16.1,mwb,115.6,-19.987,-69.197,"Iquique, Chile",South America,Chile
"M 6.9 - 89 km WSW of Singkil, Indonesia",6.9,2005,,0,740,us,635,0,26,mwc,30,1.989,97.041,"Singkil, Indonesia",,Indonesia
"M 6.7 - 125 km SW of Padangsidempuan, Indonesia",6.7,2005,,0,731,us,695,0,20.9,mwb,34,0.587,98.459,"Padangsidempuan, Indonesia",,Indonesia
"M 6.5 - 106 km SW of Padang, Indonesia",6.5,2005,,0,657,us,478,0,21.2,mwc,30,-1.714,99.779,"Padang, Indonesia",,Indonesia
"M 6.7 - 113 km SW of Padang, Indonesia",6.7,2005,,0,717,us,656,0,21.2,mwc,19,-1.644,99.607,"Padang, Indonesia",,Indonesia
"M 8.6 - 78 km WSW of Singkil, Indonesia",8.6,2005,,0,1138,official,510,0,22.1,mww,30,2.085,97.108,"Singkil, Indonesia",,Indonesia
"M 6.6 - 28 km NNW of Maebaru-ch??, Japan",6.6,2005,,0,805,us,401,0,22.9,mwc,10,33.807,130.131,"Maebaru-ch??, Japan",Asia,Japan
M 7.1 - Banda Sea,7.1,2005,,0,776,us,569,0,18.1,mwb,201.7,-6.527,129.933,Banda Sea,,Indonesia
"M 6.8 - 99 km WNW of Sinabang, Indonesia",6.8,2005,,0,711,us,444,0,33.8,mwb,36,2.908,95.592,"Sinabang, Indonesia",,Indonesia
"M 6.5 - 81 km SSW of Katabu, Indonesia",6.5,2005,,0,650,us,371,0,31.8,mwb,10,-5.562,122.129,"Katabu, Indonesia",,Indonesia
"M 6.5 - Pulau-Pulau Talaud, Indonesia",6.5,2005,,0,652,us,286,0,47.3,mwc,39.7,4.756,126.421,"Pulau-Pulau Talaud, Indonesia",,Indonesia
"M 6.7 - 52 km SW of Sola, Vanuatu",6.7,2005,,0,691,us,457,0,30.2,mwb,206.3,-14.252,167.259,"Sola, Vanuatu",,Vanuatu
M 9.1 - 2004 Sumatra - Andaman Islands Earthquake,9.1,2004,,0,1274,official,601,0,22,mw,30,3.295,95.982,2004 Sumatra - Andaman Islands Earthquake,,Indonesia
"M 6.8 - 54 km SSW of Nemuro, Japan",6.8,2004,,0,724,us,759,0,23.6,mwb,35,42.9,145.228,"Nemuro, Japan",Asia,Japan
"M 7.0 - 51 km SW of Nemuro, Japan",7,2004,,0,771,us,929,0,23.9,mwb,39,43.006,145.119,"Nemuro, Japan",Asia,Japan
"M 7.1 - 29 km SSW of Nabire, Indonesia",7.1,2004,,0,776,us,439,0,28.8,mwc,10,-3.609,135.404,"Nabire, Indonesia",,Indonesia
"M 7.2 - 32 km SSW of Pizarro, Colombia",7.2,2004,,0,820,us,708,0,50.2,mwb,15,4.695,-77.508,"Pizarro, Colombia",,Colombia
"M 7.5 - 63 km NW of Maubara, Timor Leste",7.5,2004,,0,870,us,301,0,33.8,mwc,10,-8.152,124.868,"Maubara, Timor Leste",,Indonesia
"M 6.6 - 8 km SSW of Ojiya, Japan",6.6,2004,,0,670,us,782,0,37,mwc,16,37.226,138.779,"Ojiya, Japan",Asia,Japan
"M 6.5 - 9 km W of Talisay, Philippines",6.5,2004,,0,665,us,526,0,18.3,mwb,105,13.925,120.534,"Talisay, Philippines",,Philippines
"M 6.8 - 60 km SSE of Kirakira, Solomon Islands",6.8,2004,,0,711,us,545,0,15.7,mwb,36,-10.951,162.161,"Kirakira, Solomon Islands",,Solomon Islands
"M 6.5 - 67 km ESE of Teno, Chile",6.5,2004,,0,650,us,349,0,30.1,mwb,5,-35.173,-70.525,"Teno, Chile",South America,Chile
"M 6.5 - 117 km WNW of Manokwari, Indonesia",6.5,2004,,0,650,us,305,0,39,mwc,13.4,-0.443,133.091,"Manokwari, Indonesia",,Indonesia
"M 6.9 - 24 km ENE of Atlasovo, Russia",6.9,2004,,0,732,us,798,0,31.2,mwb,188.6,55.682,160.003,"Atlasovo, Russia",Asia,Russia
"M 6.6 - 11 km N of Cañete, Chile",6.6,2004,,0,670,us,282,0,46.9,mwb,21,-37.695,-73.406,"Cañete, Chile",South America,Chile
"M 6.7 - 105 km WNW of Naisano Dua, Indonesia",6.7,2004,,0,691,us,386,0,27.6,mwb,65.8,-9.362,122.839,"Naisano Dua, Indonesia",,Indonesia
"M 6.5 - 86 km NNW of Sola, Vanuatu",6.5,2004,,0,650,us,424,0,29.9,mwb,228.4,-13.174,167.198,"Sola, Vanuatu",,Vanuatu
M 6.6 - Afghanistan-Tajikistan-Pakistan region,6.6,2004,,0,670,us,728,0,18.3,mwb,187.1,36.512,71.029,Afghanistan-Tajikistan-Pakistan region,Asia,Afghanistan
"M 6.7 - 38 km SSW of Nabire, Indonesia",6.7,2004,,0,691,us,256,0,33.3,mwc,25.7,-3.665,135.339,"Nabire, Indonesia",,Indonesia
"M 7.3 - Near the south coast of Papua, Indonesia",7.3,2004,,0,820,us,390,0,23,mwb,10,-4.003,135.023,"Papua, Indonesia",,Indonesia
"M 7.0 - 28 km S of Nabire, Indonesia",7,2004,,0,754,us,367,0,33,mwc,16.6,-3.615,135.538,"Nabire, Indonesia",,Indonesia
"M 6.7 - 107 km NW of Ambon, Indonesia",6.7,2004,,0,691,us,243,0,42.5,mwb,17.4,-3.12,127.4,"Ambon, Indonesia",,Indonesia
"M 6.6 - 13 km SSW of Bam, Iran",6.6,2003,,0,670,us,552,0,44.8,mwc,10,28.995,58.311,"Bam, Iran",Asia,Iran
"M 6.5 - 3 km SSE of Progreso, Panama",6.5,2003,,0,650,us,405,0,48.4,mwb,33,8.416,-82.824,"Progreso, Panama",,Panama
"M 6.5 - 10 km NE of San Simeon, California",6.5,2003,,0,1390,nc,65,0.04685,71,mw,8.382,35.7005,-121.101,"San Simeon, California",North America,United States of America
"M 6.8 - 92 km E of Yujing, Taiwan",6.8,2003,,0,711,us,447,0,27.7,mwb,10,23.039,121.362,"Yujing, Taiwan",Asia,Taiwan
"M 6.6 - 82 km E of Kimbe, Papua New Guinea",6.6,2003,,0,670,us,384,0,25.1,mwb,35,-5.581,150.88,"Kimbe, Papua New Guinea",,Papua New Guinea
"M 6.5 - 4 km NW of Can-Avid, Philippines",6.5,2003,,0,650,us,487,0,45.9,mwb,35,12.025,125.416,"Can-Avid, Philippines",,Philippines
"M 6.7 - 9 km S of Aktash, Russia",6.7,2003,,0,691,us,643,0,24.5,mwb,10,50.211,87.721,"Aktash, Russia",Asia,Russia
"M 7.3 - 29 km S of Aktash, Russia",7.3,2003,,0,820,us,667,0,24.5,mwb,16,50.038,87.813,"Aktash, Russia",Asia,Russia
"M 6.6 - 16 km SE of Taungdwingyi, Myanmar",6.6,2003,,0,670,us,518,0,24.7,mwb,10,19.917,95.672,"Taungdwingyi, Myanmar",Asia,Myanmar
"M 7.2 - 56 km NW of Te Anau, New Zealand",7.2,2003,,0,798,us,428,0,17.5,mwc,28,-45.104,167.144,"Te Anau, New Zealand",,New Zealand
M 7.6 - Scotia Sea,7.6,2003,,0,889,us,315,0,25.2,mwc,10,-60.532,-43.411,Scotia Sea,,United Kingdom of Great Britain and Northern Ireland (the)
"M 6.5 - 41 km N of Rabaul, Papua New Guinea",6.5,2003,,0,650,us,156,0,31.4,mwb,33,-3.828,152.174,"Rabaul, Papua New Guinea",,Papua New Guinea
"M 6.8 - 42 km W of Ovalle, Chile",6.8,2003,,0,711,us,398,0,39.1,mwc,33,-30.608,-71.637,"Ovalle, Chile",South America,Chile
"M 6.9 - 25 km ESE of Atlasovo, Russia",6.9,2003,,0,732,us,733,0,26.7,mwb,174.8,55.492,159.999,"Atlasovo, Russia",Asia,Russia
"M 6.6 - 87 km SSE of Kokopo, Papua New Guinea",6.6,2003,,0,670,us,419,0,27.8,mwc,33,-5.095,152.502,"Kokopo, Papua New Guinea",,Papua New Guinea
"M 7.0 - 116 km NE of Tobelo, Indonesia",7,2003,,0,754,us,473,0,30.3,mwc,31,2.354,128.855,"Tobelo, Indonesia",,Indonesia
"M 7.0 - 27 km SSW of ?funato, Japan",7,2003,,0,754,us,690,0,19.1,mwb,68,38.849,141.568,"?funato, Japan",Asia,Japan
"M 6.8 - 25 km WNW of Dellys, Algeria",6.8,2003,,0,711,us,534,0,19.4,mwc,12,36.964,3.634,"Dellys, Algeria",,Algeria
"M 6.5 - 46 km NE of Ruteng, Indonesia",6.5,2003,,0,650,us,247,0,28.7,mwc,33,-8.294,120.743,"Ruteng, Indonesia",,Indonesia
"M 6.8 - 114 km ESE of Kokopo, Papua New Guinea",6.8,2003,,0,711,us,431,0,38.4,mwc,40.2,-4.694,153.238,"Kokopo, Papua New Guinea",,Papua New Guinea
"M 7.6 - 16 km SSW of Cuyutlán, Mexico",7.6,2003,,0,889,us,551,0,0,mwb,24,18.77,-104.104,"Cuyutlán, Mexico",North America,Mexico
"M 6.7 - New Ireland region, Papua New Guinea",6.7,2002,,0,691,us,453,0,0,mwb,34,-4.786,153.275,"New Ireland region, Papua New Guinea",,Papua New Guinea
"M 7.9 - 75 km E of Cantwell, Alaska",7.9,2002,,0,1750,ak,0,0,0,mw,4.2,63.5141,-147.453,"Cantwell, Alaska",North America,United States of America
"M 7.4 - 50 km NW of Sinabang, Indonesia",7.4,2002,,0,842,us,418,0,0,mwb,30,2.824,96.085,"Sinabang, Indonesia",,Indonesia
"M 6.6 - 53 km ENE of Cantwell, Alaska",6.6,2002,,0,670,ak,0,0,0,mw,4.2,63.5144,-147.912,"Cantwell, Alaska",North America,United States of America
"M 6.7 - 72 km S of Manokwari, Indonesia",6.7,2002,,0,691,us,250,0,0,ms,10,-1.511,133.973,"Manokwari, Indonesia",,Indonesia
"M 7.6 - 102 km SSE of Manokwari, Indonesia",7.6,2002,,0,889,us,375,0,0,mwc,10,-1.757,134.297,"Manokwari, Indonesia",,Indonesia
"M 6.5 - 152 km NNE of Bamboo Flat, India",6.5,2002,,0,650,us,646,0,0,mwc,21,13.036,93.068,"Bamboo Flat, India",,India
"M 7.6 - 68 km ESE of Aitape, Papua New Guinea",7.6,2002,,0,889,us,428,0,0,mwc,13,-3.302,142.945,"Aitape, Papua New Guinea",,Papua New Guinea
"M 6.5 - 14 km SE of Punta de Burica, Panama",6.5,2002,,0,650,us,533,0,0,mwc,10,7.929,-82.793,"Punta de Burica, Panama",,Panama
"M 6.5 - 59 km SSW of Abhar, Iran",6.5,2002,,0,650,us,555,0,0,mwc,10,35.626,49.047,"Abhar, Iran",Asia,Iran
"M 6.6 - 20 km SW of Monte Patria, Chile",6.6,2002,,0,670,us,420,0,0,mwb,54,-30.805,-71.124,"Monte Patria, Chile",South America,Chile
"M 7.1 - 20 km SSW of Merizo Village, Guam",7.1,2002,,0,776,us,257,0,0,mwc,85.7,13.088,144.619,"Merizo Village, Guam",,United States of America
"M 6.7 - 31 km SW of Copiapó, Chile",6.7,2002,,0,691,us,462,0,0,mwb,62,-27.535,-70.586,"Copiapó, Chile",South America,Chile
"M 6.5 - 107 km NE of Calama, Chile",6.5,2002,,0,650,us,486,0,0,mwc,125.1,-21.663,-68.329,"Calama, Chile",South America,Chile
"M 7.5 - Mindanao, Philippines",7.5,2002,,0,865,us,321,0,0,mwc,31,6.033,124.249,"Mindanao, Philippines",,Philippines
"M 7.4 - 51 km SW of Jurm, Afghanistan",7.4,2002,,0,842,us,138,0,0,mwc,225.6,36.502,70.482,"Jurm, Afghanistan",Asia,Afghanistan
"M 6.6 - 125 km E of Kimbe, Papua New Guinea",6.6,2002,,0,670,us,444,0,0,mwc,39,-5.345,151.248,"Kimbe, Papua New Guinea",,Papua New Guinea
"M 6.5 - 5 km NE of Sultanda??, Turkey",6.5,2002,,0,650,us,482,0,0,mwc,5,38.573,31.271,"Sultanda??, Turkey",Asia,Turkey
"M 6.7 - 11 km SE of Aitape, Papua New Guinea",6.7,2002,,0,691,us,333,0,0,mwc,11,-3.212,142.427,"Aitape, Papua New Guinea",,Papua New Guinea
"M 6.6 - 33 km WNW of Port-Vila, Vanuatu",6.6,2002,,0,670,us,386,0,0,mwc,10,-17.664,168.004,"Port-Vila, Vanuatu",,Vanuatu
"M 7.2 - 50 km WNW of Port-Vila, Vanuatu",7.2,2002,,0,798,us,427,0,0,mwc,21,-17.6,167.856,"Port-Vila, Vanuatu",,Vanuatu
"M 6.8 - 22 km WNW of Malango, Solomon Islands",6.8,2001,,0,711,us,385,0,0,mwc,16,-9.613,159.53,"Malango, Solomon Islands",,Solomon Islands
"M 6.5 - 3 km NW of Hanamaki, Japan",6.5,2001,,0,650,us,605,0,0,mwc,123.8,39.402,141.089,"Hanamaki, Japan",Asia,Japan
"M 7.8 - Southern Qinghai, China",7.8,2001,,0,936,us,368,0,0,mwc,10,35.946,90.541,"Southern Qinghai, China",Asia,People's Republic of China
"M 7.0 - 40 km S of Kimbe, Papua New Guinea",7,2001,,0,754,us,254,0,0,mwc,33,-5.912,150.196,"Kimbe, Papua New Guinea",,Papua New Guinea
"M 7.5 - 155 km E of Kendari, Indonesia",7.5,2001,,0,865,us,234,0,0,mwc,33,-4.102,123.907,"Kendari, Indonesia",,Indonesia
"M 6.5 - 108 km WNW of Manokwari, Indonesia",6.5,2001,,0,650,us,174,0,0,mwc,33,-0.578,133.13,"Manokwari, Indonesia",,Indonesia
"M 6.6 - 74 km S of Kokhanok, Alaska",6.6,2001,,0,754,ak,0,0,0,mw,131.8,58.775,-154.701,"Kokhanok, Alaska",North America,United States of America
"M 6.5 - 32 km WNW of Skýros, Greece",6.5,2001,,0,650,us,483,0,0,mwc,10,39.059,24.244,"Skýros, Greece",Europe,Greece
"M 7.6 - 51 km SW of Punta de Bombón, Peru",7.6,2001,,0,889,us,398,0,0,mwc,33,-17.543,-72.077,"Punta de Bombón, Peru",,Peru
"M 6.6 - 31 km S of Achanizo, Peru",6.6,2001,,0,670,us,324,0,0,mwc,62,-16.086,-73.987,"Achanizo, Peru",,Peru
"M 6.7 - 34 km WSW of Pacocha, Peru",6.7,2001,,0,691,us,422,0,0,mwc,24,-17.745,-71.649,"Pacocha, Peru",,Peru
"M 8.4 - 6 km SSW of Atico, Peru",8.4,2001,,0,1086,official,518,0,0,mww,33,-16.265,-73.641,"Atico, Peru",,Peru
"M 6.7 - 128 km SSE of Panguna, Papua New Guinea",6.7,2001,,0,691,us,282,0,0,mwc,17,-7.41,155.865,"Panguna, Papua New Guinea",,Solomon Islands
"M 6.8 - 16 km SSW of Kure, Japan",6.8,2001,,0,711,us,596,0,0,mwc,50,34.083,132.526,"Kure, Japan",Asia,Japan
"M 6.5 - 41 km SSW of Ambon, Indonesia",6.5,2001,,0,650,us,206,0,0,mwc,33,-4.029,128.02,"Ambon, Indonesia",,Indonesia
"M 6.8 - 7 km SSE of Longbranch, Washington",6.8,2001,,0,1441,uw,67,0,31,md,51.798,47.149,-122.727,"Longbranch, Washington",North America,United States of America
"M 7.1 - 137 km WNW of Ternate, Indonesia",7.1,2001,,0,776,us,426,0,0,mwc,35,1.271,126.249,"Ternate, Indonesia",,Indonesia
"M 7.4 - 102 km SSE of Bengkulu, Indonesia",7.4,2001,,0,842,us,221,0,0,mwc,36,-4.68,102.562,"Bengkulu, Indonesia",,Indonesia
"M 6.6 - 5 km S of Cojutepeque, El Salvador",6.6,2001,,0,670,us,273,0,0,mwc,10,13.671,-88.938,"Cojutepeque, El Salvador",,El Salvador
"M 7.7 - 17 km NW of Bhach?u, India",7.7,2001,,0,912,us,472,0,0,mwc,16,23.419,70.232,"Bhach?u, India",Asia,India
"M 6.9 - 59 km WSW of Bengkulu, Indonesia",6.9,2001,,0,732,us,117,0,0,mwb,28,-4.022,101.776,"Bengkulu, Indonesia",,Indonesia
"M 7.1 - 16 km NE of Port-Olry, Vanuatu",7.1,2001,,0,776,us,372,0,0,mwb,103,-14.928,167.17,"Port-Olry, Vanuatu",,Vanuatu
"M 7.5 - 21 km SE of Lukatan, Philippines",7.5,2001,,0,865,us,324,0,0,mwc,33,6.898,126.579,"Lukatan, Philippines",,Philippines
"M 6.5 - 52 km ENE of Kokopo, Papua New Guinea",6.5,2000,,0,650,us,401,0,0,mwc,31,-4.218,152.725,"Kokopo, Papua New Guinea",,Papua New Guinea
"M 7.0 - 37 km E of Balkanabat, Turkmenistan",7,2000,,0,754,us,495,0,0,mwc,30,39.566,54.799,"Balkanabat, Turkmenistan",Asia,Turkmenistan
"M 6.5 - 23 km SSE of Badamdar, Azerbaijan",6.5,2000,,0,650,us,268,0,0,mwc,33,40.167,49.954,"Badamdar, Azerbaijan",Asia,Azerbaijan
"M 6.8 - 15 km SSE of Baku, Azerbaijan",6.8,2000,,0,711,us,446,0,0,mwc,50.4,40.245,49.946,"Baku, Azerbaijan",Asia,Azerbaijan
"M 6.8 - 112 km SSW of Kokopo, Papua New Guinea",6.8,2000,,0,711,us,402,0,0,mwb,33,-5.228,151.771,"Kokopo, Papua New Guinea",,Papua New Guinea
"M 6.6 - 131 km SE of Kokopo, Papua New Guinea",6.6,2000,,0,670,us,267,0,0,mwc,33,-5.097,153.181,"Kokopo, Papua New Guinea",,Papua New Guinea
"M 7.8 - 138 km SSW of Kokopo, Papua New Guinea",7.8,2000,,0,936,us,346,0,0,mwc,33,-5.496,151.781,"Kokopo, Papua New Guinea",,Papua New Guinea
"M 6.5 - 118 km ESE of Kokopo, Papua New Guinea",6.5,2000,,0,650,us,71,0,0,mb,33,-4.827,153.226,"Kokopo, Papua New Guinea",,Papua New Guinea
"M 8.0 - 24 km N of Rabaul, Papua New Guinea",8,2000,,0,985,us,254,0,0,mwc,33,-3.98,152.169,"Rabaul, Papua New Guinea",,Papua New Guinea
"M 6.5 - 10 km SW of Juradó, Colombia",6.5,2000,,0,650,us,462,0,0,mwc,17,7.042,-77.829,"Juradó, Colombia",,Colombia
"M 7.0 - 191 km ESE of Kokopo, Papua New Guinea",7,2000,,0,754,us,60,0,0,mwc,50,-4.766,153.945,"Kokopo, Papua New Guinea",,Papua New Guinea
"M 6.8 - 29 km SW of Labuan, Indonesia",6.8,2000,,0,711,us,415,0,0,mwc,38,-6.549,105.63,"Labuan, Indonesia",,Indonesia
"M 6.7 - 8 km ESE of Matsue, Japan",6.7,2000,,0,691,us,390,0,0,mwc,10,35.456,133.134,"Matsue, Japan",Asia,Japan
"M 7.0 - 29 km WNW of Luganville, Vanuatu",7,2000,,0,754,us,357,0,0,mwc,23,-15.421,166.91,"Luganville, Vanuatu",,Vanuatu
"M 6.5 - 15 km W of Nkove, Tanzania",6.5,2000,,0,650,us,415,0,0,mwb,34,-7.977,30.709,"Nkove, Tanzania",Africa,Tanzania
"M 6.8 - 98 km WSW of Ambon, Indonesia",6.8,2000,,0,711,us,336,0,0,mwc,16,-4.11,127.394,"Ambon, Indonesia",,Indonesia
"M 6.5 - 24 km NNW of El Habillal, Mexico",6.5,2000,,0,650,us,481,0,0,mwc,45.8,18.198,-102.48,"El Habillal, Mexico",North America,Mexico
"M 6.8 - 35 km SSE of Uglegorsk, Russia",6.8,2000,,0,711,us,593,0,0,mwc,10,48.786,142.246,"Uglegorsk, Russia",Asia,Russia
"M 6.5 - 94 km SSE of Shimoda, Japan",6.5,2000,,0,650,us,428,0,0,mwc,10,33.901,139.376,"Shimoda, Japan",,Japan
"M 6.5 - 24 km SSW of Larsen Bay, Alaska",6.5,2000,,0,650,ak,0,0,0,mw,42.9,57.3546,-154.198,"Larsen Bay, Alaska",North America,United States of America
"M 6.5 - 12 km ENE of Selfoss, Iceland",6.5,2000,,0,650,us,351,0,0,mwc,10,63.98,-20.758,"Selfoss, Iceland",,Iceland
"M 6.5 - 25 km E of Selfoss, Iceland",6.5,2000,,0,650,us,406,0,0,mwc,10,63.966,-20.487,"Selfoss, Iceland",,Iceland
"M 6.7 - 98 km SSW of Bengkulu, Indonesia",6.7,2000,,0,691,us,352,0,0,mwc,33,-4.612,101.905,"Bengkulu, Indonesia",,Indonesia
"M 6.7 - 95 km S of Bengkulu, Indonesia",6.7,2000,,0,691,us,147,0,0,mb,33,-4.646,102.102,"Bengkulu, Indonesia",,Indonesia
"M 7.9 - 103 km S of Bengkulu, Indonesia",7.9,2000,,0,960,us,379,0,0,mwc,33,-4.721,102.087,"Bengkulu, Indonesia",,Indonesia
"M 7.2 - 75 km N of San Antonio de los Cobres, Argentina",7.2,2000,,0,798,us,0,0,0,mwc,225,-23.548,-66.452,"San Antonio de los Cobres, Argentina",South America,Argentina
"M 7.6 - 89 km E of Luwuk, Indonesia",7.6,2000,,0,889,us,0,0,0,mwc,26,-1.105,123.573,"Luwuk, Indonesia",,Indonesia
"M 6.6 - 62 km SSW of Ialibu, Papua New Guinea",6.6,2000,,0,670,us,0,0,0,mwc,10,-6.817,143.807,"Ialibu, Papua New Guinea",,Papua New Guinea
"M 6.6 - 87 km ESE of Kimbe, Papua New Guinea",6.6,2000,,0,670,us,0,0,0,mwc,33,-5.844,150.876,"Kimbe, Papua New Guinea",,Papua New Guinea
"M 6.5 - 59 km SSW of Labuan, Indonesia",6.5,1999,,0,650,us,0,0,0,mwb,56,-6.845,105.555,"Labuan, Indonesia",,Indonesia
"M 7.3 - 14 km WNW of Bolitoc, Philippines",7.3,1999,,0,820,us,0,0,0,mwc,33,15.766,119.74,"Bolitoc, Philippines",,Philippines
"M 7.0 - 26 km SSE of Karluk, Alaska",7,1999,,0,754,ak,0,0,0,mw,43.6,57.3424,-154.347,"Karluk, Alaska",North America,United States of America
"M 6.6 - 127 km ESE of Arica, Chile",6.6,1999,,0,670,us,0,0,0,mwb,128.1,-18.901,-69.171,"Arica, Chile",South America,Chile
"M 7.5 - 92 km ESE of Lakatoro, Vanuatu",7.5,1999,,0,865,us,0,0,0,mwc,33,-16.423,168.214,"Lakatoro, Vanuatu",,Vanuatu
"M 7.0 - 88 km W of Kandrian, Papua New Guinea",7,1999,,0,754,us,0,0,0,mwc,33,-6.351,148.763,"Kandrian, Papua New Guinea",,Papua New Guinea
"M 6.9 - 84 km WNW of Kandrian, Papua New Guinea",6.9,1999,,0,732,us,0,0,0,mwc,47.5,-5.978,148.82,"Kandrian, Papua New Guinea",,Papua New Guinea
"M 7.2 - 8 km S of Düzce, Turkey",7.2,1999,,0,798,us,0,0,0,mwc,10,40.758,31.161,"Düzce, Turkey",Asia,Turkey
"M 6.5 - 31 km SW of Ashk?sham, Afghanistan",6.5,1999,,0,650,us,0,0,0,mwc,228.4,36.522,71.24,"Ashk?sham, Afghanistan",Asia,Afghanistan
"M 7.1 - Hector Mine, CA Earthquake",7.1,1999,,0,1576,ci,73,0,57,mw,13.73,34.6033,-116.265,"Hector Mine, CA Earthquake",North America,United States of America
"M 7.5 - 15 km W of San Baltazar Loxicha, Mexico",7.5,1999,,0,865,us,0,0,0,mwc,60.6,16.059,-96.931,"San Baltazar Loxicha, Mexico",North America,Mexico
"M 6.5 - 31 km SE of Puli, Taiwan",6.5,1999,,0,650,us,0,0,0,mwc,17,23.738,121.158,"Puli, Taiwan",Asia,Taiwan
"M 7.7 - 21 km S of Puli, Taiwan",7.7,1999,,0,912,us,0,0,0,mwc,33,23.772,120.982,"Puli, Taiwan",Asia,Taiwan
"M 6.6 - 66 km E of Lakatoro, Vanuatu",6.6,1999,,0,670,us,0,0,0,mwc,33,-16.117,168.039,"Lakatoro, Vanuatu",,Vanuatu
"M 7.6 - 4 km ESE of Derince, Turkey",7.6,1999,,0,889,us,0,0,0,mwc,17,40.748,29.864,"Derince, Turkey",Asia,Turkey
"M 6.7 - 16 km N of Potrerillos, Honduras",6.7,1999,,0,691,us,0,0,0,mwc,10,15.782,-88.33,"Potrerillos, Honduras",,Guatemala
"M 7.0 - 1 km SE of Texcala, Mexico",7,1999,,0,754,us,0,0,0,mwc,70,18.386,-97.436,"Texcala, Mexico",North America,Mexico
"M 6.6 - 113 km SE of Kokopo, Papua New Guinea",6.6,1999,,0,670,us,0,0,0,mwc,27,-5.165,152.877,"Kokopo, Papua New Guinea",,Papua New Guinea
"M 7.1 - 51 km SSE of Kokopo, Papua New Guinea",7.1,1999,,0,776,us,0,0,0,mwc,73.7,-4.751,152.486,"Kokopo, Papua New Guinea",,Papua New Guinea
"M 7.1 - 92 km ENE of Kimbe, Papua New Guinea",7.1,1999,,0,776,us,0,0,0,mwb,138,-5.159,150.88,"Kimbe, Papua New Guinea",,Papua New Guinea
"M 7.4 - 63 km W of Kimbe, Papua New Guinea",7.4,1999,,0,842,us,0,0,0,mwc,150,-5.591,149.568,"Kimbe, Papua New Guinea",,Papua New Guinea
"M 6.8 - 6 km SE of Camaná, Peru",6.8,1999,,0,711,us,0,0,0,mwc,87.2,-16.66,-72.662,"Camaná, Peru",South America,Peru
"M 6.6 - 9 km NNW of P?palkoti, India",6.6,1999,,0,670,us,0,0,0,mwb,15,30.512,79.403,"P?palkoti, India",Asia,India
"M 6.9 - 78 km WSW of Adak, Alaska",6.9,1999,,0,732,us,0,0,0,mwc,33,51.587,-177.668,"Adak, Alaska",North America,United States of America
"M 6.6 - 110 km SSE of K?h Sef?d, Iran",6.6,1999,,0,670,us,0,0,0,mwc,33,28.343,57.193,"K?h Sef?d, Iran",Asia,Iran
"M 6.6 - 18 km WSW of Nikolski, Alaska",6.6,1999,,0,670,us,0,0,0,mwc,67.2,52.886,-169.123,"Nikolski, Alaska",North America,United States of America
"M 7.0 - 110 km ESE of Kokopo, Papua New Guinea",7,1999,,0,754,us,0,0,0,mwc,114.1,-4.596,153.235,"Kokopo, Papua New Guinea",,Papua New Guinea
"M 7.7 - 264 km ESE of Luwuk, Indonesia",7.7,1998,,0,912,us,0,0,0,mwc,33,-2.071,124.891,"Luwuk, Indonesia",,Indonesia
"M 7.0 - 278 km NE of Lospalos, Timor Leste",7,1998,,0,754,us,0,0,0,mwc,33,-6.92,128.946,"Lospalos, Timor Leste",,Indonesia
"M 6.7 - 282 km NE of Lospalos, Timor Leste",6.7,1998,,0,691,us,0,0,0,mwc,33,-6.954,129.022,"Lospalos, Timor Leste",,Indonesia
"M 6.6 - 8 km WSW of Sumberpucung, Indonesia",6.6,1998,,0,670,us,0,0,0,mwb,151.6,-8.194,112.413,"Sumberpucung, Indonesia",,Indonesia
"M 6.6 - 66 km NNW of Coquimbo, Chile",6.6,1998,,0,670,us,0,0,0,mwc,27,-29.45,-71.715,"Coquimbo, Chile",,Chile
"M 6.8 - 123 km SSE of Pondaguitan, Philippines",6.8,1998,,0,711,us,0,0,0,mwc,50,5.41,126.764,"Pondaguitan, Philippines",,Indonesia
"M 7.2 - 3 km E of Bahía de Caráquez, Ecuador",7.2,1998,,0,798,us,0,0,0,mwc,33,-0.593,-80.393,"Bahía de Caráquez, Ecuador",South America,Ecuador
"M 6.7 - 192 km W of Abepura, Indonesia",6.7,1998,,0,691,us,0,0,0,mwc,33,-2.693,138.901,"Abepura, Indonesia",,Indonesia
"M 7.0 - 50 km WNW of Aitape, Papua New Guinea",7,1998,,0,754,us,0,0,0,mwc,10,-2.961,141.926,"Aitape, Papua New Guinea",,Papua New Guinea
"M 7.0 - 52 km SE of Lata, Solomon Islands",7,1998,,0,754,us,0,0,0,mwc,110.2,-11.04,166.16,"Lata, Solomon Islands",,Solomon Islands
"M 6.6 - 24 km E of Rust?q, Afghanistan",6.6,1998,,0,670,us,0,0,0,mwb,33,37.106,70.11,"Rust?q, Afghanistan",Asia,Afghanistan
"M 6.6 - 25 km NNW of Mizque, Bolivia",6.6,1998,,0,670,us,0,0,0,mwb,24,-17.731,-65.431,"Mizque, Bolivia",South America,Bolivia
"M 6.7 - 127 km NNW of Palu, Indonesia",6.7,1998,,0,691,us,0,0,0,mwb,33,0.207,119.584,"Palu, Indonesia",,Indonesia
"M 6.6 - 108 km SW of Kokopo, Papua New Guinea",6.6,1998,,0,670,us,0,0,0,mwc,61.4,-5.147,151.714,"Kokopo, Papua New Guinea",,Papua New Guinea
"M 6.6 - 43 km NE of San Fernando, Peru",6.6,1998,,0,670,us,0,0,0,mwc,164.6,-8.148,-74.238,"San Fernando, Peru",South America,Peru
"M 7.0 - 95 km W of Pariaman, Indonesia",7,1998,,0,754,us,0,0,0,mwc,55.7,-0.544,99.261,"Pariaman, Indonesia",,Indonesia
"M 6.6 - 52 km ESE of Kerman, Iran",6.6,1998,,0,670,us,0,0,0,mwc,9,30.154,57.605,"Kerman, Iran",Asia,Iran
"M 7.1 - 34 km SSE of Antofagasta, Chile",7.1,1998,,0,776,us,0,0,0,mwc,42,-23.913,-70.207,Ant,South America,Chile
"M 6.7 - 149 km ENE of Labasa, Fiji",6.7,1998,,0,691,us,0,0,0,mwc,23.4,-15.848,-179.376,"Labasa, Fiji",,Fiji
"M 6.6 - 47 km SSW of Ovalle, Chile",6.6,1998,,0,670,us,0,0,0,mwc,34.8,-30.985,-71.41,"Ovalle, Chile",South America,Chile
"M 6.6 - 10 km SSW of San José El Ídolo, Guatemala",6.6,1998,,0,670,us,0,0,0,mwc,33,14.374,-91.473,"San José El Ídolo, Guatemala",,Guatemala
"M 7.2 - 117 km N of Finschhafen, Papua New Guinea",7.2,1997,,0,798,us,0,0,0,mwc,179.3,-5.495,147.867,"Finschhafen, Papua New Guinea",,Papua New Guinea
"M 7.8 - 156 km S of Ust’-Kamchatsk Staryy, Russia",7.8,1997,,0,936,us,0,0,0,mwc,33,54.841,162.035,"Ust’-Kamchatsk Staryy, Russia",Asia,Russia
"M 7.0 - 97 km NW of Gorontalo, Indonesia",7,1997,,0,754,us,0,0,0,mwc,24,1.241,122.536,"Gorontalo, Indonesia",,Indonesia
"M 7.0 - 34 km ESE of Port-Olry, Vanuatu",7,1997,,0,754,us,0,0,0,mwc,123.1,-15.145,167.375,"Port-Olry, Vanuatu",,Vanuatu
"M 6.5 - 13 km NNE of San Sebastián, El Salvador",6.5,1997,,0,650,us,0,0,0,mwb,176.4,13.849,-88.808,"San Sebastián, El Salvador",,El Salvador
M 7.5 - western Xizang,7.5,1997,,0,865,us,0,0,0,mwc,33,35.069,87.325,western Xizang,Asia,People's Republic of China
"M 7.2 - 51 km N of Barranca, Peru",7.2,1997,,0,798,us,0,0,0,mwc,112,-4.368,-76.681,"Barranca, Peru",South America,Peru
"M 7.1 - 36 km SW of Monte Patria, Chile",7.1,1997,,0,776,us,0,0,0,mwc,58,-30.933,-71.22,"Monte Patria, Chile",South America,Chile
"M 6.5 - 18 km E of Talisay, Philippines",6.5,1997,,0,650,us,0,0,0,mwb,105.6,9.79,125.779,"Talisay, Philippines",,Philippines
"M 6.8 - 24 km SW of Roncesvalles, Colombia",6.8,1997,,0,711,us,0,0,0,mwb,198.7,3.849,-75.749,"Roncesvalles, Colombia",South America,Colombia
"M 6.6 - 64 km NNE of Angoram, Papua New Guinea",6.6,1997,,0,670,us,0,0,0,mwc,22.8,-3.562,144.362,"Angoram, Papua New Guinea",,Papua New Guinea
"M 6.9 - 4 km ENE of El Ciruelo, Mexico",6.9,1997,,0,732,us,0,0,0,mwb,33,16.333,-98.216,"El Ciruelo, Mexico",North America,Mexico
"M 7.0 - 26 km WSW of Carúpano, Venezuela",7,1997,,0,754,us,0,0,0,mwc,19.9,10.598,-63.486,"Carúpano, Venezuela",,Venezuela
"M 6.5 - 5 km ENE of Churumuco de Morelos, Mexico",6.5,1997,,0,650,us,0,0,0,mwc,70,18.684,-101.604,"Churumuco de Morelos, Mexico",North America,Mexico
"M 6.5 - 51 km S of Jurm, Afghanistan",6.5,1997,,0,650,us,0,0,0,mwb,196,36.411,70.945,"Jurm, Afghanistan",Asia,Afghanistan
"M 7.3 - 58 km E of Q?’en, Iran",7.3,1997,,0,820,us,0,0,0,mwb,10,33.825,59.809,"Q?’en, Iran",Asia,Iran
"M 6.7 - 18 km WSW of Scarborough, Trinidad and Tobago",6.7,1997,,0,691,us,0,0,0,mwb,5,11.112,-60.892,"Scarborough, Trinidad and Tobago",,Trinidad and Tobago
"M 6.5 - 49 km W of Finschhafen, Papua New Guinea",6.5,1997,,0,650,us,0,0,0,mwc,69.1,-6.485,147.408,"Finschhafen, Papua New Guinea",,Papua New Guinea
"M 7.1 - 29 km ESE of Harnai, Pakistan",7.1,1997,,0,776,us,0,0,0,mwc,33,29.976,68.208,"Harnai, Pakistan",Asia,Pakistan
M 6.5 - Turkmenistan-Iran border region,6.5,1997,,0,650,us,0,0,0,mwc,10,37.661,57.291,Turkmenistan-Iran border region,Asia,Iran
"M 7.2 - 46 km WNW of El Habillal, Mexico",7.2,1997,,0,798,us,0,0,0,mwb,33,18.219,-102.756,"El Habillal, Mexico",North America,Mexico
"M 6.7 - 17 km SW of Miyazaki, Japan",6.7,1996,,0,691,us,0,0,0,mwc,49.2,31.789,131.314,"Miyazaki, Japan",Asia,Japan
"M 6.9 - 130 km ENE of Thang, India",6.9,1996,,0,732,us,0,0,0,mwc,33,35.345,78.133,"Thang, India",Asia,People's Republic of China
"M 7.7 - 60 km SW of Changuillo, Peru",7.7,1996,,0,912,us,0,0,0,mwc,33,-14.993,-75.675,"Changuillo, Peru",,Peru
"M 6.7 - 5 km SE of Miyazaki, Japan",6.7,1996,,0,691,us,0,0,0,mwc,22,31.885,131.468,"Miyazaki, Japan",Asia,Japan
"M 6.6 - 20 km SSE of Nishinoomote, Japan",6.6,1996,,0,670,us,0,0,0,mwc,10,30.568,131.093,"Nishinoomote, Japan",Asia,Japan
"M 6.8 - 90 km S of Panguna, Papua New Guinea",6.8,1996,,0,711,us,0,0,0,mwc,24,-7.133,155.568,"Panguna, Papua New Guinea",,Solomon Islands
"M 6.6 - 24 km NE of Cortes, Philippines",6.6,1996,,0,670,us,0,0,0,mwc,33,9.454,126.334,"Cortes, Philippines",,Philippines
"M 6.6 - 22 km NNE of Cortes, Philippines",6.6,1996,,0,670,us,0,0,0,mwc,33,9.463,126.284,"Cortes, Philippines",,Philippines
"M 6.8 - 78 km E of Hengchun, Taiwan",6.8,1996,,0,711,us,0,0,0,mwc,20,21.898,121.498,"Hengchun, Taiwan",,Taiwan
"M 6.9 - 62 km WSW of Kirakira, Solomon Islands",6.9,1996,,0,732,us,0,0,0,mwc,33,-10.769,161.445,"Kirakira, Solomon Islands",,Solomon Islands
"M 7.0 - 220 km NNE of Palu, Indonesia",7,1996,,0,754,us,0,0,0,mwc,33,1,120.45,"Palu, Indonesia",,Indonesia
"M 6.6 - 217 km NNE of Palu, Indonesia",6.6,1996,,0,670,us,0,0,0,mwb,33,1.016,120.254,"Palu, Indonesia",,Indonesia
"M 6.8 - 26 km NNE of Coyuquilla Norte, Mexico",6.8,1996,,0,711,us,0,0,0,mwb,18.3,17.6,-100.965,"Coyuquilla Norte, Mexico",North America,Mexico
"M 7.9 - 169 km NNE of Maumere, Indonesia",7.9,1996,,0,960,us,0,0,0,mwc,587.3,-7.137,122.589,"Maumere, Indonesia",,Indonesia
"M 7.1 - 8 km NNE of Palapag, Philippines",7.1,1996,,0,776,us,0,0,0,mwc,33,12.614,125.154,"Palapag, Philippines",,Philippines
"M 7.3 - 46 km SSW of Adak, Alaska",7.3,1996,,0,820,us,0,0,0,mwc,26.3,51.478,-176.847,"Adak, Alaska",North America,United States of America
"M 7.9 - 77 km WSW of Adak, Alaska",7.9,1996,,0,960,us,0,0,0,mwc,33,51.564,-177.632,"Adak, Alaska",North America,United States of America
"M 6.7 - 63 km NW of Sola, Vanuatu",6.7,1996,,0,691,us,0,0,0,mwc,200.1,-13.481,167.13,"Sola, Vanuatu",,Vanuatu
"M 7.2 - 58 km WSW of Panguna, Papua New Guinea",7.2,1996,,0,798,us,0,0,0,mwc,44,-6.518,154.999,"Panguna, Papua New Guinea",,Papua New Guinea
"M 6.6 - 44 km SE of Antofagasta, Chile",6.6,1996,,0,670,us,0,0,0,mwb,49.5,-23.944,-70.093,Ant,South America,Chile
"M 6.7 - 44 km NNE of Port-Olry, Vanuatu",6.7,1996,,0,691,us,0,0,0,mwc,164.4,-14.705,167.297,"Port-Olry, Vanuatu",,Vanuatu
"M 6.7 - 30 km WSW of Villa El Carmen, Nicaragua",6.7,1996,,0,691,us,0,0,0,mwc,33,11.905,-86.772,"Villa El Carmen, Nicaragua",,Nicaragua
"M 7.1 - 24 km SSW of Santa María Chico Ometepec, Mexico",7.1,1996,,0,776,us,0,0,0,mw,21.1,15.978,-98.07,"Santa María Chico Ometepec, Mexico",North America,Mexico
"M 7.5 - 123 km WSW of Puerto Santa, Peru",7.5,1996,,0,865,us,0,0,0,mw,10,-9.593,-79.587,"Puerto Santa, Peru",,Peru
"M 6.5 - 32 km NNE of Biak, Indonesia",6.5,1996,,0,650,us,0,0,0,mw,31.9,-0.917,136.225,"Biak, Indonesia",,Indonesia
"M 6.5 - 67 km NNW of Insrom, Indonesia",6.5,1996,,0,650,us,0,0,0,mw,19.2,-0.567,135.84,"Insrom, Indonesia",,Indonesia
"M 6.6 - 47 km N of Lijiang, China",6.6,1996,,0,670,us,0,0,0,mw,11.1,27.291,100.276,"Lijiang, China",Asia,People's Republic of China
"M 6.6 - 106 km NE of Yelizovo, Russia",6.6,1996,,0,670,us,0,0,0,ms,33,53.826,159.586,"Yelizovo, Russia",Asia,Russia
"M 7.9 - 181 km N of Palu, Indonesia",7.9,1996,,0,960,us,0,0,0,mw,24,0.729,119.931,"Palu, Indonesia",,Indonesia
"M 7.1 - 297 km NE of Lospalos, Timor Leste",7.1,1995,,0,776,us,0,0,0,mw,141.9,-6.903,129.151,"Lospalos, Timor Leste",,Indonesia
"M 6.5 - 130 km SSW of Abepura, Indonesia",6.5,1995,,0,650,us,0,0,0,mwb,63.4,-3.703,140.233,"Abepura, Indonesia",,Indonesia
"M 7.2 - 27 km SSE of Nuwaybi‘a, Egypt",7.2,1995,,0,798,us,0,0,0,mw,10,28.826,34.799,"Nuwaybi‘a, Egypt",Asia,Saudi Arabia
"M 6.7 - 73 km WSW of Vallenar, Chile",6.7,1995,,0,691,us,0,0,0,mw,19.9,-28.906,-71.417,"Vallenar, Chile",,Chile
"M 7.2 - 13 km NW of Ocozocoautla de Espinosa, Mexico",7.2,1995,,0,798,us,0,0,0,mw,159.3,16.84,-93.469,"Ocozocoautla de Espinosa, Mexico",,Mexico
"M 8.0 - 5 km E of El Colomo, Mexico",8,1995,,0,985,us,0,0,0,mw,33,19.055,-104.205,"El Colomo, Mexico",North America,Mexico
"M 6.8 - 5 km ENE of Sungai Penuh, Indonesia",6.8,1995,,0,711,us,0,0,0,mw,33,-2.045,101.436,"Sungai Penuh, Indonesia",,Indonesia
"M 6.5 - 50 km SE of Sucúa, Ecuador",6.5,1995,,0,650,us,0,0,0,mw,16.7,-2.778,-77.851,"Sucúa, Ecuador",South America,Ecuador
"M 7.0 - 45 km SE of Sucúa, Ecuador",7,1995,,0,754,us,0,0,0,mw,24.4,-2.75,-77.881,"Sucúa, Ecuador",South America,Ecuador
"M 6.5 - 81 km W of Paramonga, Peru",6.5,1995,,0,650,us,0,0,0,mwb,59.9,-10.68,-78.581,"Paramonga, Peru",,Peru
"M 7.4 - 5 km N of Azoyú, Mexico",7.4,1995,,0,842,us,0,0,0,mwb,23,16.779,-98.597,"Azoyú, Mexico",North America,Mexico
"M 6.6 - 7 km WSW of Neira, Colombia",6.6,1995,,0,670,us,0,0,0,mw,119.6,5.139,-75.577,"Neira, Colombia",South America,Colombia
"M 6.7 - 99 km WSW of Kokopo, Papua New Guinea",6.7,1995,,0,691,us,0,0,0,mw,127.9,-4.836,151.515,"Kokopo, Papua New Guinea",,Papua New Guinea
"M 8.0 - 36 km NNE of Antofagasta, Chile",8,1995,,0,985,us,0,0,0,mw,45.6,-23.34,-70.294,Ant,South America,Chile
"M 6.8 - 158 km W of Jinghong, China",6.8,1995,,0,711,us,0,0,0,mw,12.5,21.966,99.196,"Jinghong, China",Asia,Myanmar
"M 6.6 - 0 km ESE of Isangel, Vanuatu",6.6,1995,,0,670,us,0,0,0,mw,139.4,-19.544,169.287,"Isangel, Vanuatu",,Vanuatu
"M 6.5 - 8 km WNW of Galaxídhion, Greece",6.5,1995,,0,650,us,0,0,0,mw,14.2,38.401,22.283,"Galaxídhion, Greece",Europe,Greece
"M 7.1 - 85 km S of Tungor, Russia",7.1,1995,,0,776,us,0,0,0,mwb,11,52.629,142.827,"Tungor, Russia",Asia,Russia
"M 6.9 - 27 km NNW of Maubara, Timor Leste",6.9,1995,,0,732,us,0,0,0,mw,11.2,-8.378,125.127,"Maubara, Timor Leste",,Indonesia
"M 6.6 - 10 km W of Aianí, Greece",6.6,1995,,0,670,us,0,0,0,mw,14,40.149,21.695,"Aianí, Greece",Europe,Greece
"M 7.1 - 14 km NE of Cabatuan, Philippines",7.1,1995,,0,776,us,0,0,0,mw,16,12.626,125.297,"Cabatuan, Philippines",,Philippines
